date, pm25, pm10, o3, no2, so2, co
2020/9/1, 47, 18, 7, , , 
2020/9/2, 28, 23, 7, , , 
2020/9/3, 26, 16, 7, , , 1
2020/9/4, 20, 22, 8, 1, , 3
2020/9/5, 34, 20, 55, , , 3
2020/9/6, 79, 38, 28, , , 
2020/9/7, 51, 38, 9, , , 
2020/9/8, 50, 31, 9, 1, , 
2020/9/9, 34, , , , , 
2020/8/1, 73, 23, 11, , , 3
2020/8/2, 50, 28, 10, , , 3
2020/8/3, 60, 22, 8, , , 4
2020/8/4, 53, 16, 8, , , 3
2020/8/5, 34, 9, 6, , , 3
2020/8/6, 13, 13, 8, , , 3
2020/8/7, 22, 14, 9, , , 3
2020/8/8, 29, 18, 8, , , 4
2020/8/9, 39, 17, 9, , , 4
2020/8/10, 29, 18, 9, , , 4
2020/8/11, 32, 15, 8, , , 4
2020/8/12, 23, 15, 7, , , 5
2020/8/13, 28, 12, 8, , , 13
2020/8/14, 23, 11, 7, , , 36
2020/8/15, 22, , , , , 
2020/8/17, 33, 19, 9, , , 35
2020/8/18, 26, 16, 7, , , 31
2020/8/19, 21, 13, 7, , , 30
2020/8/20, 20, 12, 8, , , 31
2020/8/21, 15, 16, 9, 1, , 30
2020/8/22, 33, 18, 9, , , 30
2020/8/23, 37, 33, 10, , , 26
2020/8/24, 36, 28, 10, , , 42
2020/8/25, 38, 27, 10, , , 
2020/8/26, 44, 25, 11, 1, , 
2020/8/27, 35, 32, 12, 1, , 
2020/8/28, 49, 27, 11, 1, , 
2020/8/29, 51, 25, 10, , , 
2020/8/30, 54, 20, 8, , , 
2020/8/31, 44, 22, 7, , , 
2020/7/1, 60, 21, 11, , , 4
2020/7/2, 52, 23, 9, 1, , 4
2020/7/3, 55, 19, 8, , , 3
2020/7/4, 24, 25, 10, , , 2
2020/7/5, 43, 27, 12, , , 1
2020/7/6, 56, 27, 12, , , 1
2020/7/7, 62, 36, 13, , , 3
2020/7/8, 82, 16, 10, , , 1
2020/7/9, 27, 14, 7, , , 1
2020/7/10, 29, 13, 7, , , 1
2020/7/11, 29, 20, 8, , , 1
2020/7/12, 52, 28, 14, , , 1
2020/7/13, 65, 21, 11, , , 1
2020/7/14, 36, 22, 10, , , 2
2020/7/15, 48, 21, 8, , , 2
2020/7/16, 46, 25, 11, , , 2
2020/7/17, 58, 29, 12, 1, , 2
2020/7/18, 64, , , , , 
2020/7/20, 43, 14, 11, , , 1
2020/7/21, 32, 20, 10, , , 2
2020/7/22, 44, 23, 12, , , 3
2020/7/23, 50, 22, 11, 1, , 3
2020/7/24, 57, 19, 10, , , 3
2020/7/25, 45, 20, 9, , , 2
2020/7/26, 43, 20, 9, , , 2
2020/7/27, 47, 19, 10, , , 3
2020/7/28, 43, 27, 11, 1, , 3
2020/7/29, 59, 18, 11, , , 3
2020/7/30, 29, 29, 11, 1, , 3
2020/7/31, 68, 33, 12, , , 4
2020/6/1, 21, 18, 12, , , 1
2020/6/2, 38, 33, 12, , , 2
2020/6/3, 74, 36, 12, , , 3
2020/6/4, 88, 38, 11, 1, , 4
2020/6/5, 93, 32, 14, , , 3
2020/6/6, 78, 19, 8, , , 2
2020/6/7, 45, 17, 7, , , 2
2020/6/8, 48, 18, 8, , , 2
2020/6/9, 32, 12, 8, , , 2
2020/6/10, 26, 13, 8, , , 2
2020/6/11, 28, 14, 10, , , 2
2020/6/12, 31, 23, 10, , , 3
2020/6/13, 56, 19, 10, , , 2
2020/6/14, 45, 17, 6, , , 2
2020/6/15, 52, 14, 7, , , 3
2020/6/16, 30, 18, 7, , , 3
2020/6/17, 31, 28, 9, , , 3
2020/6/18, 60, 22, 8, , , 4
2020/6/19, 51, 19, 8, , , 4
2020/6/20, 49, 18, 9, , , 4
2020/6/21, 43, 16, 10, , , 4
2020/6/22, 32, 26, 11, , , 5
2020/6/23, 59, 33, 10, , , 5
2020/6/24, 69, 29, 11, , , 5
2020/6/25, 69, 19, 8, , , 5
2020/6/26, 42, 17, 8, , , 4
2020/6/27, 39, 14, 8, , , 4
2020/6/28, 33, 20, 9, , , 5
2020/6/29, 48, 18, 10, , , 4
2020/6/30, 40, 24, 12, , , 4
2020/5/1, 23, 39, 10, 1, , 5
2020/5/2, 74, 41, 12, 1, , 5
2020/5/3, 89, 28, 7, 1, , 5
2020/5/4, 64, 16, 7, , , 4
2020/5/5, 27, 20, 6, , , 5
2020/5/6, 38, 21, 7, , , 5
2020/5/7, 40, 12, 5, , , 5
2020/5/8, 16, 13, 6, , , 4
2020/5/9, 16, 15, 5, , , 5
2020/5/10, 25, 15, 6, , , 5
2020/5/11, 27, 22, 6, , , 5
2020/5/12, 44, 22, 7, , , 5
2020/5/13, 40, 34, 6, , , 5
2020/5/14, 47, 32, 6, 1, , 6
2020/5/15, 60, 27, 5, , , 6
2020/5/16, 57, , , , , 
2020/5/18, 25, 15, 5, , , 6
2020/5/19, 31, 15, 6, , , 6
2020/5/20, 28, 19, 7, , , 5
2020/5/21, 21, 4, 5, , , 5
2020/5/22, 5, 6, 7, , , 5
2020/5/23, 5, 28, 14, , , 6
2020/5/24, 62, 30, 10, 1, , 7
2020/5/25, 68, 23, 10, , , 1
2020/5/26, 52, 18, 12, , , 1
2020/5/27, 39, 21, 12, , , 2
2020/5/28, 48, 33, 12, 1, , 2
2020/5/29, 84, 19, 10, , , 1
2020/5/30, 48, 21, 8, , , 1
2020/5/31, 52, 10, 7, , , 1
2020/4/1, 14, 8, 4, , , 1
2020/4/2, 9, 8, 5, , , 1
2020/4/3, 7, 10, 3, , , 2
2020/4/4, 11, 10, 3, , , 2
2020/4/5, 11, 9, 3, , , 2
2020/4/6, 14, 27, 6, , , 2
2020/4/7, 21, 20, 4, , , 2
2020/4/8, 15, 7, 4, , , 2
2020/4/9, 8, 6, 6, , , 2
2020/4/10, 8, 6, 4, , , 2
2020/4/11, 8, 6, 2, , , 2
2020/4/12, 6, 8, 3, , , 2
2020/4/13, 9, 10, 3, , , 2
2020/4/14, 12, 10, 3, , , 2
2020/4/15, 12, 7, 3, , , 2
2020/4/16, 5, 8, 3, , , 3
2020/4/17, 7, , , , , 
2020/4/19, 10, 8, 2, , , 3
2020/4/20, 12, 9, 2, , , 3
2020/4/21, 13, 9, 4, , , 3
2020/4/22, 12, 10, 5, , , 3
2020/4/23, 16, 12, 4, , , 3
2020/4/24, 19, 14, 5, , , 3
2020/4/25, 17, 12, 4, , , 3
2020/4/26, 18, 12, 5, , , 3
2020/4/27, 14, 15, 6, , , 3
2020/4/28, 16, 12, 7, , , 4
2020/4/29, 19, 13, 6, , , 4
2020/4/30, 24, 15, 5, , , 4
2020/3/1, 9, 12, 5, , , 3
2020/3/2, 12, 13, 4, , , 3
2020/3/3, 7, 11, 6, , , 4
2020/3/4, 10, 8, 6, , , 375
2020/3/5, 6, 22, 5, , , 
2020/3/6, 18, 10, 6, , , 500
2020/3/7, 8, 10, 6, , , 500
2020/3/8, 5, 8, 5, , , 500
2020/3/9, 7, 9, 6, , , 1
2020/3/10, 9, 7, 6, , , 1
2020/3/11, 9, 8, 5, , , 1
2020/3/12, 10, 8, 5, , , 1
2020/3/13, 9, , , , , 
2020/3/15, 10, 8, 5, , , 1
2020/3/16, 11, 9, 8, , , 1
2020/3/17, 13, 7, 4, , , 1
2020/3/18, 8, 8, 4, , , 1
2020/3/19, 9, 10, 3, , , 1
2020/3/20, 10, 10, 3, , , 1
2020/3/21, 11, 9, 4, , , 1
2020/3/22, 13, 9, 5, , , 1
2020/3/23, 12, 7, 2, , , 1
2020/3/24, 10, 6, 1, , , 1
2020/3/25, 7, 9, 2, , , 1
2020/3/26, 7, 7, 2, , , 1
2020/3/27, 8, 8, 4, , , 1
2020/3/28, 10, 12, 4, , , 1
2020/3/29, 13, 9, 5, , , 1
2020/3/30, 15, 8, 5, , , 1
2020/3/31, 9, 8, 3, , , 1
2020/2/1, 18, 18, 4, , , 5
2020/2/2, 16, 20, 5, , , 4
2020/2/3, 16, 20, 7, , , 5
2020/2/4, 13, 15, 5, , , 5
2020/2/5, 13, 14, 5, , , 5
2020/2/6, 13, 14, 4, , , 6
2020/2/7, 15, 15, 3, , , 6
2020/2/8, 15, 21, 7, , , 6
2020/2/9, 20, 20, 5, , , 6
2020/2/10, 16, 11, 8, , , 4
2020/2/11, 10, 8, 8, , , 2
2020/2/12, 6, 13, 6, , , 3
2020/2/13, 9, 14, 3, , , 3
2020/2/14, 10, 15, 3, , , 3
2020/2/15, 11, 15, 6, , , 3
2020/2/16, 12, 12, 7, , , 3
2020/2/17, 12, 12, 7, , , 3
2020/2/18, 11, 11, 7, , , 3
2020/2/19, 10, 11, 8, , , 3
2020/2/20, 11, 12, 8, , , 3
2020/2/21, 16, 21, 6, , , 3
2020/2/22, 18, 26, 5, , , 3
2020/2/23, 18, 22, 5, , , 3
2020/2/24, 18, 21, 4, , , 3
2020/2/25, 15, 22, 3, , , 3
2020/2/26, 16, 21, 6, , , 3
2020/2/27, 17, 13, 5, , , 3
2020/2/28, 10, 11, 3, , , 3
2020/2/29, 10, 9, 4, , , 3
2020/1/1, 52, 15, 9, , , 3
2020/1/2, 52, 9, 7, , , 3
2020/1/3, 12, 8, 7, , , 3
2020/1/4, 11, 10, 8, , , 3
2020/1/5, 15, 10, 7, , , 3
2020/1/6, 11, 8, 8, , , 4
2020/1/7, 12, 14, 5, , , 4
2020/1/8, 17, 15, 5, , , 3
2020/1/9, 15, 10, 8, , , 4
2020/1/10, 9, 7, 6, , , 4
2020/1/11, 7, 12, 4, , , 5
2020/1/12, 17, 19, 6, , , 5
2020/1/13, 43, 13, 5, , , 5
2020/1/14, 22, 13, 5, , , 5
2020/1/15, 18, 13, 5, , , 4
2020/1/16, 14, 12, 7, , , 5
2020/1/17, 17, 16, 6, , , 5
2020/1/18, 19, , , , , 
2020/1/21, 19, 9, 7, 1, , 4
2020/1/22, 9, 18, 8, , , 4
2020/1/23, 17, 22, 5, , , 5
2020/1/24, 21, 20, 4, , , 5
2020/1/25, 19, 16, 4, , , 5
2020/1/26, 15, 16, 5, , , 4
2020/1/27, 15, 20, 5, , , 5
2020/1/28, 18, 23, 7, , , 5
2020/1/29, 20, 24, 5, , , 5
2020/1/30, 22, 21, 4, , , 5
2020/1/31, 18, 18, 3, , , 4
2019/10/1, 44, 25, 7, , , 1
2019/10/2, 50, 24, 8, , , 1
2019/10/3, 41, 25, 8, 1, , 1
2019/10/4, 48, 22, 3, 2, , 1
2019/10/5, 35, , , , , 
2019/10/8, 44, 26, 7, 1, , 1
2019/10/9, 52, 28, 9, , , 2
2019/10/10, 58, 31, 8, , , 2
2019/10/11, 61, 26, 3, , , 2
2019/10/12, 55, 28, 8, , , 2
2019/10/13, 56, 25, 12, 1, , 2
2019/10/14, 49, 27, 6, 2, , 2
2019/10/15, 57, 25, 9, , , 2
2019/10/16, 54, 31, 11, , , 2
2019/10/17, 65, 32, 11, 1, , 2
2019/10/18, 61, , , , , 
2019/10/21, 63, 51, 11, , , 3
2019/10/22, 80, 33, 9, 1, , 2
2019/10/23, 54, 27, 8, , , 2
2019/10/24, 45, 19, 6, , , 2
2019/10/25, 30, 18, 9, 1, , 2
2019/10/26, 33, , , , , 
2019/10/28, 29, 15, 10, 1, , 2
2019/10/29, 33, 17, 9, 2, , 2
2019/10/30, 26, 21, 8, 1, , 2
2019/10/31, 36, 21, 9, , , 2
2019/11/1, 46, , , , , 
2019/11/4, 28, 15, 8, , , 2
2019/11/5, 29, 23, 9, , , 2
2019/11/6, 33, 21, 7, , , 2
2019/11/7, 32, 22, 9, 1, , 2
2019/11/8, 35, 19, 1, 2, , 3
2019/11/9, 33, 24, 9, , , 2
2019/11/10, 43, 26, 9, 1, , 2
2019/11/11, 42, 30, 10, , , 2
2019/11/12, 40, 29, 7, , , 2
2019/11/13, 43, 23, 8, , , 2
2019/11/14, 29, 30, 7, 1, , 2
2019/11/15, 42, 29, 8, 1, , 2
2019/11/16, 36, 33, 7, 1, , 2
2019/11/17, 46, 32, 7, , , 3
2019/11/18, 48, 24, 12, 1, , 3
2019/11/19, 42, 29, 6, 1, , 3
2019/11/20, 55, 21, 6, , , 2
2019/11/21, 31, 19, 7, 1, , 2
2019/11/22, 31, 18, 12, , , 2
2019/11/23, 36, 13, 10, , , 2
2019/11/24, 28, 17, 12, 1, , 2
2019/11/25, 38, 16, 11, , , 2
2019/11/26, 35, 15, 4, 1, , 3
2019/11/27, 31, , , , , 
2019/12/5, 36, 20, 6, , , 3
2019/12/6, 29, 21, 5, , , 3
2019/12/7, 30, 21, 10, , , 3
2019/12/8, 35, 19, 10, 1, , 3
2019/12/9, 32, 21, 9, 1, , 4
2019/12/10, 39, 31, 11, 1, , 4
2019/12/11, 64, 21, 5, , , 3
2019/12/12, 38, 19, 8, 1, , 3
2019/12/13, 34, 17, 10, , , 2
2019/12/14, 31, 14, 7, , , 3
2019/12/15, 24, 15, 6, , , 3
2019/12/16, 27, 16, 8, 1, , 3
2019/12/17, 30, 18, 13, , , 2
2019/12/18, 31, 18, 10, 1, , 2
2019/12/19, 34, 19, 9, , , 3
2019/12/20, 41, 16, 10, , , 3
2019/12/21, 31, 13, 9, , , 3
2019/12/22, 24, 15, 10, , , 3
2019/12/23, 33, 17, 10, 1, , 3
2019/12/24, 36, 15, 7, , , 3
2019/12/25, 31, 14, 6, , , 3
2019/12/26, 32, 15, 9, , , 3
2019/12/27, 25, 18, 9, 1, , 3
2019/12/28, 26, 15, 10, , , 3
2019/12/29, 23, , , , , 
2019/7/2, 57, 22, 9, , , 2
2019/7/3, 49, 23, 10, , , 2
2019/7/4, 53, 32, 11, 1, , 2
2019/7/5, 76, 24, 10, 1, , 2
2019/7/6, 61, 25, 11, 1, , 2
2019/7/7, 58, 20, 12, 1, , 2
2019/7/8, 49, 18, 9, 1, , 2
2019/7/9, 44, 23, 9, 1, , 2
2019/7/10, 49, 18, 9, 1, , 2
2019/7/11, 45, 22, 10, , , 2
2019/7/12, 55, 15, 8, 1, , 1
2019/7/13, 32, 24, 10, 1, , 1
2019/7/14, 39, 25, 13, 1, , 2
2019/7/15, 46, 41, 13, 2, , 2
2019/7/16, 90, 32, 13, 1, , 2
2019/7/17, 69, 43, 11, 2, , 4
2019/7/18, 97, 34, 11, 1, , 3
2019/7/19, 75, 35, 13, 1, , 3
2019/7/20, 81, 30, 9, 1, , 2
2019/7/21, 68, 23, 10, 1, , 1
2019/7/22, 51, 30, 10, 1, , 2
2019/7/23, 62, 34, 10, 1, , 3
2019/7/24, 71, 25, 9, 1, , 3
2019/7/25, 56, 53, 8, 1, , 13
2019/7/26, 105, 21, 9, 1, , 2
2019/7/27, 45, 23, 10, 1, , 2
2019/7/28, 53, 24, 9, , , 2
2019/7/29, 49, 18, 8, , , 2
2019/7/30, 34, 30, 8, 1, , 3
2019/7/31, 52, 25, 8, 1, , 2
2019/8/1, 37, 20, 8, , , 2
2019/8/2, 29, 24, 9, 1, , 3
2019/8/3, 41, 25, 8, 1, , 3
2019/8/4, 53, 20, 8, 1, , 3
2019/8/5, 46, 23, 8, 1, , 3
2019/8/6, 50, 22, 8, 1, , 3
2019/8/7, 43, 24, 8, 1, , 4
2019/8/8, 56, 17, 7, 1, , 3
2019/8/9, 36, 20, 8, 1, , 3
2019/8/10, 43, 19, 7, 1, , 3
2019/8/11, 31, 11, 7, , , 2
2019/8/12, 18, 20, 9, 1, , 1
2019/8/13, 34, 28, 13, 1, , 1
2019/8/14, 61, 40, 10, 2, , 2
2019/8/15, 89, 31, 9, 1, , 1
2019/8/16, 69, 22, 9, , , 1
2019/8/17, 53, 20, 7, 1, , 1
2019/8/18, 48, 17, 6, 1, , 1
2019/8/19, 35, 48, 6, , , 1
2019/8/20, 41, 34, 10, , , 
2019/8/21, 43, 30, 10, , , 1
2019/8/22, 40, 41, 11, 1, , 2
2019/8/23, 75, 29, 11, 1, , 1
2019/8/24, 47, 25, 9, , , 1
2019/8/25, 45, 20, 9, , , 1
2019/8/26, 36, 30, 8, , , 2
2019/8/27, 62, 19, 8, , , 
2019/8/28, 26, 19, 7, 1, , 1
2019/8/29, 32, 18, 10, 2, , 1
2019/8/30, 32, 22, 11, 1, , 2
2019/8/31, 47, 25, 10, , , 2
2019/9/1, 52, 19, 9, 1, , 2
2019/9/2, 40, 22, 9, 1, , 2
2019/9/3, 42, 34, 10, 1, , 2
2019/9/4, 70, 20, 10, 4, , 1
2019/9/5, 31, 28, 9, , , 2
2019/9/6, 53, 27, 7, 2, , 2
2019/9/7, 49, 24, 9, 1, , 1
2019/9/8, 38, 33, 8, 2, , 2
2019/9/9, 55, 41, 9, 4, , 1
2019/9/10, 46, 37, 9, 1, , 2
2019/9/11, 51, 36, 11, 3, , 2
2019/9/12, 54, 46, 11, 1, , 1
2019/9/13, 74, 49, 12, 2, , 2
2019/9/14, 89, 36, 4, 1, , 2
2019/9/15, 86, 38, 5, 1, , 2
2019/9/16, 78, 31, 10, 1, , 1
2019/9/17, 57, 32, 9, 1, , 1
2019/9/18, 62, 28, 11, , , 1
2019/9/19, 57, 30, 11, , , 1
2019/9/20, 65, 16, 7, , , 
2019/9/21, 32, 18, 5, , , 
2019/9/22, 33, 28, 8, , , 1
2019/9/23, 51, 26, 7, 1, , 1
2019/9/24, 50, 26, 7, , , 1
2019/9/25, 48, 29, 9, , , 
2019/9/26, 55, 26, 3, 2, , 1
2019/9/27, 49, , , , , 
2019/4/1, 58, 43, 5, , , 3
2019/4/2, 43, 30, 6, , , 3
2019/4/3, 28, 7, 3, , , 3
2019/4/4, 7, 8, 4, , , 3
2019/4/5, 9, 6, 3, , , 3
2019/4/6, 6, 4, 3, , , 3
2019/4/7, 4, 5, 2, , , 3
2019/4/8, 6, 10, 3, , , 3
2019/4/9, 16, 11, 3, , , 3
2019/4/10, 10, 9, 5, , , 3
2019/4/11, 8, 10, 6, , , 3
2019/4/12, 12, 10, 6, , , 4
2019/4/13, 11, 11, 3, , , 4
2019/4/14, 18, 12, 6, , , 4
2019/4/15, 14, 10, 6, , , 4
2019/4/16, 14, 11, 5, , , 4
2019/4/17, 16, 10, 5, , , 4
2019/4/18, 14, 10, 5, , , 4
2019/4/19, 12, 10, 1, , , 4
2019/4/20, 8, , , , , 
2019/4/22, 18, 11, 5, , , 4
2019/4/23, 22, 18, 5, 1, , 5
2019/4/24, 36, 15, 6, 1, , 5
2019/4/25, 26, 25, 8, 1, , 5
2019/4/26, 59, 21, 6, 1, , 5
2019/4/27, 46, 24, 1, 2, , 6
2019/4/28, 64, , , , , 
2019/5/1, 8, 7, 4, , 9, 1
2019/5/2, 10, 7, 4, , , 1
2019/5/3, 10, 6, 4, , , 1
2019/5/4, 5, , , , , 
2019/5/6, 14, 20, 7, 1, , 2
2019/5/7, 40, 13, 8, 1, , 2
2019/5/8, 29, 17, 9, 1, , 2
2019/5/9, 32, 20, 8, 1, , 2
2019/5/10, 45, 38, 16, 1, , 3
2019/5/11, 84, 27, 10, 1, , 3
2019/5/12, 62, 38, 11, 1, , 5
2019/5/13, 90, 20, 7, 1, , 3
2019/5/14, 39, 22, 10, 1, , 3
2019/5/15, 53, 26, 9, 1, , 4
2019/5/16, 66, 22, 6, 1, , 3
2019/5/17, 53, 10, 3, , , 2
2019/5/18, 14, 9, 5, , , 2
2019/5/19, 17, 12, 5, 1, , 3
2019/5/20, 24, 13, 7, 1, , 3
2019/5/21, 28, 15, 7, , , 3
2019/5/22, 24, 12, 6, 1, , 3
2019/5/23, 19, 13, 7, 1, , 3
2019/5/24, 28, 17, 8, , , 4
2019/5/25, 47, 11, 7, , , 3
2019/5/26, 24, 15, 7, 1, , 4
2019/5/27, 39, 19, 7, 1, , 3
2019/5/28, 46, 21, 9, 1, , 2
2019/5/29, 49, 24, 9, 1, , 2
2019/5/30, 59, 42, 19, 1, , 3
2019/5/31, 99, 38, 11, 1, , 4
2019/6/1, 92, 44, 14, 1, , 4
2019/6/2, 108, 52, 17, 2, , 6
2019/6/3, 125, 38, 12, 2, , 5
2019/6/4, 99, 38, 16, 1, , 5
2019/6/5, 93, 39, 14, 1, , 5
2019/6/6, 93, 38, 13, 2, , 5
2019/6/7, 95, 25, 7, 1, , 5
2019/6/8, 61, 11, 6, 1, , 4
2019/6/9, 35, 10, 7, , , 3
2019/6/10, 26, 9, 6, , , 3
2019/6/11, 21, 10, 6, , , 3
2019/6/12, 21, 14, 6, , , 4
2019/6/13, 29, 11, 6, , , 3
2019/6/14, 26, 13, 8, , , 3
2019/6/15, 29, 14, 7, , , 3
2019/6/16, 33, 12, 8, , , 3
2019/6/17, 26, 15, 7, 1, , 4
2019/6/18, 39, 16, 8, , , 4
2019/6/19, 38, 19, 8, , , 4
2019/6/20, 33, 19, 8, 2, , 4
2019/6/21, 43, 25, 10, 1, , 5
2019/6/22, 61, , , , , 
2019/6/24, 151, 30, 12, , , 7
2019/6/25, 73, 28, 11, , , 7
2019/6/26, 69, 30, 13, 1, , 6
2019/6/27, 66, 30, 10, 1, , 7
2019/6/28, 68, 21, 10, 1, , 6
2019/6/29, 48, 13, 3, 1, , 6
2019/6/30, 27, , , , , 
2019/1/1, 13, 17, 5, , , 2
2019/1/2, 24, 15, 4, , , 2
2019/1/3, 20, 12, 13, , , 3
2019/1/4, 18, 13, 10, , , 3
2019/1/5, 14, , , , , 
2019/1/7, 12, 11, 7, , , 3
2019/1/8, 12, 14, 6, , , 4
2019/1/9, 13, 15, 5, , , 4
2019/1/10, 18, 21, 5, , , 4
2019/1/11, 25, 20, 7, , , 4
2019/1/12, 28, 9, 8, , , 5
2019/1/13, 14, 9, 6, , , 5
2019/1/14, 12, 9, 6, , , 5
2019/1/15, 15, 6, 30, , , 5
2019/1/16, 8, 7, 4, , , 5
2019/1/17, 9, 6, 7, , , 3
2019/1/18, 19, 15, 4, , , 1
2019/1/19, 8, 7, , , , 2
2019/1/20, 3, , , , , 
2019/1/22, 9, 8, 3, , , 2
2019/1/23, 8, 10, 5, , , 2
2019/1/24, 8, 12, 5, , , 2
2019/1/25, 14, 10, 4, , , 2
2019/1/26, 9, 9, 6, , , 2
2019/1/27, 13, 9, 6, , , 2
2019/1/28, 3, 21, 5, , , 2
2019/1/29, 20, 25, 3, , , 2
2019/1/30, 21, 13, 9, 1, , 2
2019/1/31, 15, 20, 5, , , 2
2019/2/1, 18, 18, 5, , , 2
2019/2/2, 17, 17, 8, , , 2
2019/2/3, 15, 15, 7, , , 2
2019/2/4, 14, 23, 4, , , 2
2019/2/5, 20, 20, 6, , , 2
2019/2/6, 18, 22, 3, , , 2
2019/2/7, 23, 23, 3, , , 2
2019/2/8, 23, 14, 8, , , 2
2019/2/9, 18, 18, 3, , , 2
2019/2/10, 19, 14, 7, , , 2
2019/2/11, 15, 16, 3, , , 2
2019/2/12, 16, 19, 3, , , 2
2019/2/13, 17, 20, 5, , , 2
2019/2/14, 18, 17, 5, , , 3
2019/2/15, 17, 14, 7, , , 3
2019/2/16, 14, 11, 6, , , 3
2019/2/17, 12, 12, 3, , , 2
2019/2/18, 14, 16, 3, , , 1
2019/2/19, 14, 14, 5, , , 1
2019/2/20, 16, 18, 3, , , 1
2019/2/21, 19, 16, 7, , , 1
2019/2/22, 20, 17, 6, , , 1
2019/2/23, 17, 14, 6, , , 1
2019/2/24, 19, 11, 8, , , 1
2019/2/25, 16, 9, 6, , , 1
2019/2/26, 11, 9, 4, , , 1
2019/2/27, 12, 8, 6, , , 1
2019/2/28, 9, 9, 4, , , 1
2019/3/1, 11, 7, 4, , , 1
2019/3/2, 8, 6, 4, , , 1
2019/3/3, 6, 7, 4, , , 1
2019/3/4, 7, 7, 4, , , 1
2019/3/5, 8, 6, 4, , , 1
2019/3/6, 6, 9, 5, , , 1
2019/3/7, 9, 9, 6, , , 2
2019/3/8, 10, 7, 7, , , 2
2019/3/9, 8, 7, 4, , , 2
2019/3/10, 10, 6, 2, , , 2
2019/3/11, 6, 7, 5, , , 2
2019/3/12, 8, 10, 4, , , 2
2019/3/13, 12, 7, 2, , , 2
2019/3/14, 9, 6, 3, , , 2
2019/3/15, 7, , , , , 
2019/3/18, 11, 9, 5, , , 2
2019/3/19, 14, 11, 5, , , 2
2019/3/20, 19, 14, 5, , , 3
2019/3/21, 22, 12, 9, , , 3
2019/3/22, 19, 13, 8, , , 3
2019/3/23, 19, 19, 7, , , 3
2019/3/24, 23, 17, 6, , , 3
2019/3/25, 23, 12, 5, 1, , 3
2019/3/26, 16, 10, 7, , , 3
2019/3/27, 12, 17, 7, , , 3
2019/3/28, 21, 14, 7, , , 3
2019/3/29, 14, 14, 8, , , 3
2019/3/30, 15, 11, 5, , , 3
2019/3/31, 15, 58, 6, , , 3
2018/10/1, 23, 7, 10, 1, , 2
2018/10/2, 18, 11, 14, 1, , 3
2018/10/3, 38, 8, 11, 1, , 2
2018/10/4, 23, 8, 11, , , 2
2018/10/5, 24, 9, 12, 1, , 2
2018/10/6, 26, 8, 10, 1, , 2
2018/10/7, 23, 8, 14, , , 2
2018/10/8, 24, 9, 13, 1, , 3
2018/10/9, 26, 8, 13, 1, , 3
2018/10/10, 25, 8, 15, 1, , 3
2018/10/11, 23, 9, 14, 1, , 3
2018/10/12, 30, 9, 9, , , 3
2018/10/13, 30, 9, 9, , , 3
2018/10/14, 27, 8, 8, , , 3
2018/10/15, 25, 7, 8, 1, , 3
2018/10/16, 24, 7, 9, 2, , 3
2018/10/17, 21, 6, 9, 1, , 2
2018/10/18, 17, 11, 7, 2, , 2
2018/10/19, 27, 15, 9, 1, , 1
2018/10/20, 33, 16, 9, 1, , 1
2018/10/21, 31, 17, 9, 1, , 1
2018/10/22, 29, 19, 12, , , 1
2018/10/23, 32, 15, 9, , , 1
2018/10/24, 22, 16, 9, , , 1
2018/10/25, 26, 15, 11, 1, , 1
2018/10/26, 29, 19, 9, 1, , 1
2018/10/27, 30, 20, 9, 1, , 1
2018/10/28, 28, 17, 13, 1, , 1
2018/10/29, 37, 17, 10, 1, , 2
2018/10/30, 41, 15, 8, 1, , 2
2018/10/31, 32, 12, 7, 1, , 1
2018/11/1, 21, 20, 9, 1, , 2
2018/11/2, 31, 23, 9, 1, , 2
2018/11/3, 34, 11, 5, 3, , 2
2018/11/4, 18, 17, 9, , , 2
2018/11/5, 27, 15, 10, 1, , 2
2018/11/6, 24, 14, 8, , , 2
2018/11/7, 28, 9, 6, 1, , 2
2018/11/8, 16, 14, 12, 1, , 2
2018/11/9, 19, 64, 11, 1, , 2
2018/11/10, 25, 11, 12, , , 2
2018/11/11, 23, 13, 10, 1, , 2
2018/11/12, 26, 15, 9, , , 2
2018/11/13, 30, 14, 9, , , 2
2018/11/14, 20, 12, 14, , , 2
2018/11/15, 21, 13, 17, , , 2
2018/11/16, 25, 15, 13, , , 2
2018/11/17, 29, 12, 12, , , 2
2018/11/18, 26, 11, 12, 1, , 2
2018/11/19, 23, 14, 10, , , 2
2018/11/20, 26, 12, 8, , , 2
2018/11/21, 24, 12, 7, , , 2
2018/11/22, 24, 10, 13, 1, , 3
2018/11/23, 19, 9, 9, , , 3
2018/11/24, 14, 11, 7, , , 3
2018/11/25, 20, 10, 6, , , 3
2018/11/26, 14, 12, 5, , , 2
2018/11/27, 13, 16, 6, , , 3
2018/11/28, 19, 9, 15, , , 3
2018/11/29, 15, 9, 12, , , 3
2018/11/30, 15, 10, 9, , , 3
2018/12/1, 12, 10, 6, , , 3
2018/12/2, 14, 10, 7, , , 3
2018/12/3, 14, 13, 8, , , 3
2018/12/4, 21, 13, 12, , , 3
2018/12/5, 24, 17, 10, , , 3
2018/12/6, 29, 20, 12, , , 3
2018/12/7, 36, 15, 13, , , 4
2018/12/8, 25, 20, 10, , , 4
2018/12/9, 36, 22, 9, , , 4
2018/12/10, 34, 22, 7, , , 4
2018/12/11, 34, 30, 8, , , 4
2018/12/12, 27, 20, 18, , , 3
2018/12/13, 20, 16, 12, , , 1
2018/12/14, 19, 28, 6, , , 1
2018/12/15, 31, 28, 6, , , 1
2018/12/16, 25, 32, 6, , , 1
2018/12/17, 33, 30, 6, , , 1
2018/12/18, 31, 19, 9, , , 1
2018/12/19, 18, 25, 6, , , 1
2018/12/20, 23, 25, 5, , , 2
2018/12/21, 23, 16, 5, 1, , 2
2018/12/22, 22, 17, 5, , , 2
2018/12/23, 23, 16, 8, , , 2
2018/12/24, 19, 12, 6, , , 2
2018/12/25, 18, 7, 5, , , 2
2018/12/26, 7, 7, 3, , , 2
2018/12/27, 9, 7, 6, , , 2
2018/12/28, 9, 13, 6, , , 2
2018/12/29, 27, 7, 7, , , 2
2018/12/30, 10, , , , , 
2018/7/1, 61, 22, 8, 1, , 3
2018/7/2, 33, 21, 8, 1, , 3
2018/7/3, 26, 17, 11, 1, , 3
2018/7/4, 33, 23, 11, 1, , 3
2018/7/5, 43, 44, 16, 1, , 4
2018/7/6, 103, 40, 13, 1, , 4
2018/7/7, 90, 29, 10, 1, , 4
2018/7/8, 54, 33, 11, 1, , 5
2018/7/9, 59, 31, 12, 1, , 4
2018/7/10, 53, 19, 12, 1, , 4
2018/7/11, 32, 28, 13, 1, , 5
2018/7/12, 48, 36, 14, 1, , 5
2018/7/13, 71, 38, 15, 1, , 5
2018/7/14, 84, 30, 14, 1, , 5
2018/7/15, 69, 27, 11, 1, , 4
2018/7/16, 58, 27, 12, 1, , 5
2018/7/17, 58, 31, 12, 1, , 5
2018/7/18, 71, 35, 12, 1, , 5
2018/7/19, 77, 36, 3, 2, , 6
2018/7/20, 81, 32, 12, 1, , 2
2018/7/21, 59, 34, 16, 1, , 3
2018/7/22, 79, 32, 14, 1, , 4
2018/7/23, 73, 50, 14, 2, , 5
2018/7/24, 107, 43, 13, 1, , 3
2018/7/25, 96, 57, 20, 1, , 4
2018/7/26, 135, 30, 11, 1, , 2
2018/7/27, 68, 23, 10, 1, , 2
2018/7/28, 53, 31, 13, 1, , 3
2018/7/29, 74, 32, 12, 1, , 2
2018/7/30, 71, 35, 12, 1, , 3
2018/7/31, 73, 125, 11, 8, 1, 20
2018/8/1, 171, 17, 11, 2, , 17
2018/8/2, 14, 10, 10, 1, , 6
2018/8/3, 13, 15, 15, 1, , 4
2018/8/4, 12, 13, 10, 1, , 3
2018/8/5, 9, 11, 14, 1, , 4
2018/8/6, 8, 20, 12, 2, , 5
2018/8/7, 17, 10, 14, 1, , 4
2018/8/8, 4, 29, 12, 1, , 3
2018/8/9, 65, 30, 13, 1, , 
2018/8/10, 60, 21, 16, 1, , 
2018/8/11, 46, 23, 9, 1, , 
2018/8/12, 30, 31, 10, 1, , 
2018/8/13, 30, 29, 12, 1, , 
2018/8/14, 49, 23, 10, 1, , 
2018/8/15, 38, 24, 11, , , 
2018/8/16, 33, 25, 12, 1, , 
2018/8/17, 40, 27, 12, 1, , 1
2018/8/18, 51, 31, 11, 1, , 
2018/8/19, 63, 45, 15, 1, , 1
2018/8/20, 79, 43, 16, 1, , 
2018/8/21, 77, 38, 13, 1, , 
2018/8/22, 66, 24, 12, 1, , 
2018/8/23, 48, 19, 11, 1, , 
2018/8/24, 33, 29, 13, 1, , 1
2018/8/25, 56, 25, 11, 1, , 
2018/8/26, 48, 26, 10, 1, , 
2018/8/27, 49, 30, 12, 2, , 
2018/8/28, 57, 23, 13, 1, , 
2018/8/29, 40, 23, 11, 1, , 
2018/8/30, 42, 20, 11, 1, , 
2018/8/31, 36, 18, 8, 1, , 
2018/9/1, 34, 16, 9, 1, , 
2018/9/2, 32, 22, 10, 2, , 
2018/9/3, 42, 30, 11, 1, , 
2018/9/4, 50, 27, 13, 1, , 
2018/9/5, 51, 28, 13, 1, , 
2018/9/6, 49, 23, 10, 1, , 
2018/9/7, 42, 26, 10, 1, , 1
2018/9/8, 50, 30, 11, 1, , 1
2018/9/9, 60, 35, 12, 1, , 1
2018/9/10, 67, 25, 12, 1, , 1
2018/9/11, 48, 27, 12, 1, , 1
2018/9/12, 49, 24, 12, 1, , 1
2018/9/13, 46, 26, 12, 1, , 1
2018/9/14, 48, 28, 13, , , 1
2018/9/15, 51, 21, 10, 1, , 1
2018/9/16, 40, 24, 12, 2, , 1
2018/9/17, 43, 39, 14, 1, , 2
2018/9/18, 66, 31, 12, 1, , 1
2018/9/19, 46, 37, 12, 1, , 1
2018/9/20, 59, 18, 13, 1, , 1
2018/9/21, 36, 7, 12, 1, , 2
2018/9/22, 19, 7, 12, 1, , 2
2018/9/23, 24, 8, 11, 1, , 2
2018/9/24, 23, 6, 12, 1, , 1
2018/9/25, 17, 6, 11, 1, , 1
2018/9/26, 16, 6, 11, 1, , 1
2018/9/27, 14, 6, 12, 1, , 1
2018/9/28, 17, 7, 14, 2, , 2
2018/9/29, 19, 8, 16, 1, , 2
2018/9/30, 21, 8, 14, 1, , 2
2018/4/1, 11, 8, 11, 1, 1, 8
2018/4/2, 11, 7, 7, 1, 1, 9
2018/4/3, 10, 8, 8, 1, 1, 9
2018/4/4, 11, 10, 8, , 1, 5
2018/4/5, 12, 11, 12, , 1, 1
2018/4/6, 12, 8, 10, 1, 1, 1
2018/4/7, 10, 10, 8, 1, 1, 2
2018/4/8, 15, 10, 5, 1, 1, 2
2018/4/9, 16, 6, 8, , 1, 2
2018/4/10, 7, 7, 9, , 1, 3
2018/4/11, 9, 9, 5, , 1, 3
2018/4/12, 14, 7, 7, , 1, 3
2018/4/13, 11, 4, 3, , 1, 3
2018/4/17, 30, 13, 6, 1, 1, 5
2018/4/18, 24, 8, 6, , 1, 5
2018/4/19, 16, 9, 6, , 1, 5
2018/4/20, 16, 13, 9, 1, 1, 5
2018/4/21, 22, 15, 9, , 1, 6
2018/4/22, 31, 16, 10, , 1, 6
2018/4/23, 32, 14, 11, 1, 1, 6
2018/4/24, 22, 12, 12, 1, 1, 7
2018/4/25, 26, 19, 15, 1, 1, 8
2018/4/26, 44, 18, 11, 1, 1, 8
2018/4/27, 40, 19, 14, 1, 1, 8
2018/4/28, 41, 29, 15, 1, 1, 9
2018/4/29, 66, 21, 11, , 1, 9
2018/4/30, 39, 15, 9, 1, 1, 8
2018/5/1, 24, 16, 9, , 1, 8
2018/5/2, 26, 11, 5, 1, 1, 8
2018/5/3, 13, , , , , 
2018/5/8, 27, 25, 16, 1, 1, 11
2018/5/9, 55, 34, 15, 1, 1, 11
2018/5/10, 67, 29, 15, 1, 1, 7
2018/5/11, 67, 32, 14, 1, 1, 2
2018/5/12, 65, 28, 14, 1, 1, 3
2018/5/13, 57, 33, 15, 1, 1, 4
2018/5/14, 73, 23, 16, 1, 1, 3
2018/5/15, 48, 40, 20, 1, , 1
2018/5/16, 92, 50, 30, 2, , 2
2018/5/17, 111, 34, 16, 1, , 1
2018/5/18, 73, 35, 19, 1, , 
2018/5/19, 74, 33, 16, 2, , 
2018/5/20, 75, 23, 13, 1, , 
2018/5/21, 42, 27, 16, 1, , 
2018/5/22, 52, 28, 17, 1, , 
2018/5/23, 60, 25, 16, 1, , 
2018/5/24, 61, 36, 16, 1, , 
2018/5/25, 74, 25, 10, 1, , 2
2018/5/26, 60, 18, 12, 1, , 
2018/5/27, 35, 18, 13, 1, , 2
2018/5/28, 37, 23, 13, 1, , 2
2018/5/29, 44, 28, 14, 1, , 1
2018/5/30, 57, 25, 14, 1, , 
2018/5/31, 56, 28, 14, 1, , 
2018/6/1, 55, 28, 16, 1, , 
2018/6/2, 57, 20, 14, 1, , 1
2018/6/3, 50, 26, 13, 1, , 1
2018/6/4, 63, 29, 16, 1, , 2
2018/6/5, 64, 34, 15, 2, , 3
2018/6/6, 76, 42, 16, 1, , 3
2018/6/7, 92, 30, 15, 1, , 1
2018/6/8, 68, 26, 13, 1, , 1
2018/6/9, 56, 24, 14, 1, , 
2018/6/10, 57, 23, 14, 1, , 1
2018/6/11, 55, 17, 12, 1, , 1
2018/6/12, 44, 14, 12, , , 
2018/6/13, 27, , , , , 
2018/6/15, 49, 26, 12, 1, , 1
2018/6/16, 43, 18, 13, 1, , 1
2018/6/17, 36, 26, 22, 1, , 3
2018/6/18, 60, 17, 13, 1, , 2
2018/6/19, 33, 21, 14, 1, , 2
2018/6/20, 54, 22, 12, 1, , 3
2018/6/21, 54, 38, 13, 1, , 3
2018/6/22, 68, 34, 15, 1, , 4
2018/6/23, 77, 33, 13, 1, , 4
2018/6/24, 76, 36, 12, 1, , 3
2018/6/25, 82, 30, 11, 1, , 3
2018/6/26, 61, 23, 9, 1, , 2
2018/6/27, 30, 21, 11, 1, , 3
2018/6/28, 37, 20, 10, 1, , 3
2018/6/29, 39, 22, 10, 1, , 3
2018/6/30, 45, 32, 8, 1, , 3
2018/1/1, 14, 10, 8, , , 8
2018/1/2, 14, 9, 11, , , 8
2018/1/3, 12, 7, 12, , , 7
2018/1/4, 14, 8, 10, , , 257
2018/1/5, 10, 6, 10, , , 169
2018/1/6, 9, 7, 6, , , 
2018/1/7, 6, 9, 4, , , 
2018/1/8, 11, 7, 5, , , 
2018/1/9, 7, 8, 7, 1, , 
2018/1/10, 9, 9, 5, 1, , 
2018/1/11, 15, 7, 5, 1, , 
2018/1/12, 6, 8, 8, 1, , 
2018/1/13, 7, 10, 8, 1, , 
2018/1/14, 9, 10, 8, 1, , 
2018/1/15, 10, 12, 10, 1, , 
2018/1/16, 11, 10, 11, 1, , 
2018/1/17, 13, 8, 9, 1, , 
2018/1/18, 8, 10, 7, 1, , 
2018/1/19, 18, 9, 8, , , 
2018/1/20, 10, 8, 7, 1, , 
2018/1/21, 8, 9, 7, 1, , 
2018/1/22, 10, 11, 8, 1, , 
2018/1/23, 11, 13, 7, 1, , 
2018/1/24, 10, 13, 8, 1, , 
2018/1/25, 10, 18, 8, , , 
2018/1/26, 18, 16, 6, , , 
2018/1/27, 13, 11, 7, , , 
2018/1/28, 10, 15, 9, , , 
2018/1/29, 14, 21, 7, 1, , 
2018/1/30, 27, 19, 5, , , 
2018/1/31, 18, 16, 7, , , 
2018/2/1, 20, 18, 6, , , 
2018/2/2, 18, 15, 7, , , 
2018/2/3, 11, 17, 7, , , 
2018/2/4, 14, 11, 7, 1, , 
2018/2/5, 12, 9, 11, , , 
2018/2/6, 8, 9, 9, , , 
2018/2/7, 9, 8, 7, , , 
2018/2/8, 9, 9, 7, , , 
2018/2/9, 7, 6, 5, , , 
2018/2/10, 6, 9, 6, , , 
2018/2/11, 8, 10, 6, , , 
2018/2/12, 10, 8, 7, , , 
2018/2/13, 7, 9, 6, , , 
2018/2/14, 8, 10, 7, , , 
2018/2/15, 9, 10, 6, 1, , 
2018/2/16, 10, 10, 7, , , 1
2018/2/17, 12, 16, 6, , , 1
2018/2/18, 13, 15, 6, 1, , 2
2018/2/19, 14, 11, 5, , , 2
2018/2/20, 8, 13, 8, , , 3
2018/2/21, 9, 15, 5, , , 3
2018/2/22, 20, 11, 5, , , 3
2018/2/23, 10, 8, 8, , , 4
2018/2/24, 7, 7, 10, , 1, 5
2018/2/25, 7, 6, 10, , , 5
2018/2/26, 8, 7, 8, 1, , 6
2018/2/27, 9, 7, 8, , , 6
2018/2/28, 8, 6, 10, , , 7
2018/3/1, 7, 7, 7, 1, 1, 7
2018/3/2, 6, 9, 7, , 1, 8
2018/3/3, 8, 7, 8, , , 8
2018/3/4, 7, 8, 12, , , 9
2018/3/5, 12, 7, 9, 1, , 10
2018/3/6, 8, 11, 8, 1, 1, 10
2018/3/7, 10, 20, 7, , 1, 11
2018/3/8, 18, 18, 8, , 1, 11
2018/3/9, 17, 13, 6, , 1, 12
2018/3/10, 12, 13, 8, 1, 1, 12
2018/3/11, 13, 6, 6, , 1, 
2018/3/12, 7, 8, 6, , 1, 
2018/3/13, 11, 8, 6, , 1, 
2018/3/14, 7, 6, 5, , 1, 1
2018/3/15, 4, 10, 7, , 1, 2
2018/3/16, 18, , , , , 
2018/3/21, 11, 9, 4, , , 5
2018/3/22, 10, 11, , 1, 1, 5
2018/3/23, 13, , , , , 
2018/3/26, 19, 16, 8, , 1, 6
2018/3/27, 19, 8, 10, , 1, 7
2018/3/28, 7, 8, 10, , 1, 8
2018/3/29, 10, 8, 9, , 1, 8
2018/3/30, 9, 8, 6, 1, 1, 8
2018/3/31, 10, 9, 6, 1, 1, 8
2017/10/1, 28, 17, 11, 2, , 3
2017/10/2, 29, 24, 10, 1, , 3
2017/10/3, 39, 24, 10, 1, , 3
2017/10/4, 43, 24, 9, 1, , 3
2017/10/5, 43, 18, 5, , , 3
2017/10/6, 33, 19, 5, , , 3
2017/10/7, 32, 17, 6, , , 3
2017/10/8, 29, 25, 7, , , 3
2017/10/9, 41, 31, 8, 1, , 3
2017/10/10, 51, 19, 8, , , 3
2017/10/11, 25, 16, 8, 1, , 2
2017/10/12, 25, 18, 8, 1, , 1
2017/10/13, 29, 16, 7, 1, , 2
2017/10/14, 28, 13, 7, 1, , 2
2017/10/15, 19, 17, 8, 1, , 2
2017/10/16, 32, 16, 7, , , 2
2017/10/17, 25, 11, 11, 1, , 2
2017/10/18, 18, 13, 9, 1, , 2
2017/10/19, 21, 12, 12, 1, , 2
2017/10/20, 17, 11, 11, 1, , 2
2017/10/21, 16, 10, 10, 1, , 2
2017/10/22, 17, 10, 9, 1, , 2
2017/10/23, 15, 10, 10, 1, , 2
2017/10/24, 15, 11, 9, , , 2
2017/10/25, 17, 11, 8, , , 2
2017/10/26, 17, 9, 8, 1, , 2
2017/10/27, 13, 10, 7, , , 2
2017/10/28, 17, 11, 6, , , 2
2017/10/29, 15, 11, 8, , , 2
2017/10/30, 18, 13, 9, 1, , 2
2017/10/31, 20, 13, 10, 1, , 2
2017/11/1, 19, 18, 10, 1, , 2
2017/11/2, 34, 17, 12, 1, , 2
2017/11/3, 33, 17, 9, , , 2
2017/11/4, 34, 18, 8, , , 2
2017/11/5, 32, 18, 11, 1, , 2
2017/11/6, 30, 15, 13, , , 2
2017/11/7, 32, 16, 11, 1, , 2
2017/11/8, 33, 16, 9, , , 2
2017/11/9, 35, 16, 7, , , 2
2017/11/10, 29, 11, 7, , , 2
2017/11/11, 18, 10, 6, , , 2
2017/11/12, 15, 10, 11, , , 2
2017/11/13, 14, 11, 8, 1, , 2
2017/11/14, 13, 12, 10, , , 2
2017/11/15, 18, 9, 7, 1, , 2
2017/11/16, 10, 9, 7, , , 2
2017/11/17, 8, 10, 8, , , 2
2017/11/18, 12, 13, 8, , , 3
2017/11/19, 17, 9, 10, , , 3
2017/11/20, 14, 7, 9, , , 3
2017/11/21, 9, 10, 4, 1, , 3
2017/11/22, 15, 15, 9, , , 3
2017/11/23, 15, 11, 10, , , 3
2017/11/24, 11, 10, 10, , , 3
2017/11/25, 12, 8, 10, , , 3
2017/11/26, 13, 11, 8, , , 3
2017/11/27, 14, 13, 7, , , 3
2017/11/28, 15, 13, 8, , , 3
2017/11/29, 16, 9, 7, , , 3
2017/11/30, 10, 8, 7, , , 3
2017/12/1, 11, 7, 12, , , 3
2017/12/2, 11, 8, 12, , , 3
2017/12/3, 9, 11, 13, 1, , 3
2017/12/4, 19, 11, 7, 2, , 3
2017/12/5, 22, , , , , 
2017/12/13, 48, 11, 14, , , 9
2017/12/14, 17, 13, 14, 1, , 9
2017/12/15, 21, 12, 13, 1, , 8
2017/12/16, 22, 11, 12, , , 8
2017/12/17, 23, 12, 9, , , 8
2017/12/18, 21, , , , , 
2017/12/20, 17, 9, 10, 1, , 7
2017/12/21, 14, 9, 7, , , 7
2017/12/22, 11, 8, 7, , , 7
2017/12/23, 9, 7, 7, , , 7
2017/12/24, 8, 7, 8, , , 7
2017/12/25, 7, 9, 6, , , 7
2017/12/26, 7, 9, 8, , , 7
2017/12/27, 9, 9, 8, 1, , 7
2017/12/28, 14, 11, 7, 1, , 7
2017/12/29, 17, 12, 9, 1, , 7
2017/12/30, 20, , , , , 
2017/7/1, 64, 22, 7, 2, , 
2017/7/2, 49, 17, 12, , , 
2017/7/3, 32, 16, 7, 1, , 1
2017/7/4, 24, 17, 7, 1, , 1
2017/7/5, 26, 15, 9, 1, , 1
2017/7/6, 15, 12, 2, 2, , 1
2017/7/7, 16, 15, 7, 1, , 1
2017/7/8, 17, 16, 8, 1, , 1
2017/7/9, 26, 19, 8, 1, , 1
2017/7/10, 29, 27, 11, 1, , 1
2017/7/11, 46, 23, 10, 1, , 1
2017/7/12, 28, 28, 12, 1, , 1
2017/7/13, 49, 29, 10, 1, , 1
2017/7/14, 38, 24, 12, 1, , 1
2017/7/15, 41, 25, 15, 1, , 2
2017/7/16, 57, 20, 10, 1, , 1
2017/7/17, 34, 23, 11, 1, , 1
2017/7/18, 33, 23, 12, 1, , 1
2017/7/19, 42, 26, 12, 2, , 1
2017/7/20, 48, 21, 13, 1, , 1
2017/7/21, 39, 28, 13, 2, , 1
2017/7/22, 62, 25, 16, 1, , 1
2017/7/23, 60, 41, 14, 2, , 2
2017/7/24, 76, 38, 13, 2, , 2
2017/7/25, 74, 27, 11, 1, , 1
2017/7/26, 52, 27, 13, 1, , 1
2017/7/27, 53, 25, 13, 2, , 2
2017/7/28, 55, 21, 13, 1, , 2
2017/7/29, 37, 29, 15, 2, , 2
2017/7/30, 61, 23, 6, 2, , 2
2017/7/31, 55, 19, 13, 1, , 2
2017/8/1, 23, 19, 13, 2, , 3
2017/8/2, 32, 25, 12, 1, , 3
2017/8/3, 33, 23, 15, 1, , 3
2017/8/4, 44, 28, 13, 1, , 3
2017/8/5, 58, 20, 11, 2, , 3
2017/8/6, 41, 16, 4, 2, , 3
2017/8/7, 29, , , , , 
2017/8/9, 40, 22, 12, 1, , 3
2017/8/10, 40, 23, 11, 2, , 3
2017/8/11, 46, 20, 3, 3, , 3
2017/8/12, 37, , , , , 
2017/8/16, 29, 20, 14, 1, , 3
2017/8/17, 30, 20, 11, 2, , 3
2017/8/18, 26, 20, 12, 1, , 3
2017/8/19, 27, 22, 13, 2, , 4
2017/8/20, 39, 27, 12, 2, , 4
2017/8/21, 44, 33, 11, 2, , 4
2017/8/22, 58, 37, 13, 2, , 5
2017/8/23, 64, 30, 13, 2, , 4
2017/8/24, 56, 26, 10, 2, , 4
2017/8/25, 55, 24, 13, 1, , 2
2017/8/26, 35, 27, 14, 1, , 2
2017/8/27, 39, 24, 14, 2, , 3
2017/8/28, 41, 27, 18, 1, , 2
2017/8/29, 52, 37, 17, 2, , 3
2017/8/30, 72, 41, 14, 3, , 4
2017/8/31, 66, 27, 16, 2, , 3
2017/9/1, 46, 24, 14, 1, , 3
2017/9/2, 45, 20, 12, 1, , 3
2017/9/3, 40, 20, 10, 1, , 3
2017/9/4, 35, 30, 15, 2, , 4
2017/9/5, 53, 23, 4, 2, , 3
2017/9/6, 48, , , , , 
2017/9/11, 52, 33, 13, 1, , 5
2017/9/12, 66, 25, 11, 1, , 4
2017/9/13, 49, 21, 11, , , 3
2017/9/14, 36, 44, 13, 1, , 4
2017/9/15, 56, 40, 13, 1, , 4
2017/9/16, 61, 33, 15, 1, , 4
2017/9/17, 58, 35, 13, 1, , 4
2017/9/18, 64, 30, 13, 1, , 4
2017/9/19, 56, 28, 9, 1, , 4
2017/9/20, 54, 22, 8, 1, , 4
2017/9/21, 40, 21, 8, , , 3
2017/9/22, 32, 23, 9, 1, , 3
2017/9/23, 34, 15, 8, , , 3
2017/9/24, 25, 18, 8, , , 3
2017/9/25, 30, 17, 7, , , 3
2017/9/26, 29, 20, 8, , , 3
2017/9/27, 36, 14, 7, 1, , 3
2017/9/28, 25, 17, 5, , , 3
2017/9/29, 32, 13, 5, , , 3
2017/9/30, 28, 15, 6, , , 3
2017/4/1, 14, 17, 8, , , 1
2017/4/2, 16, 14, 9, , , 1
2017/4/3, 17, 13, 7, , , 1
2017/4/4, 17, 11, 11, , , 1
2017/4/5, 12, 12, 8, , , 1
2017/4/6, 16, 12, 7, , , 1
2017/4/7, 12, 16, 9, , , 1
2017/4/8, 20, 10, 6, , , 1
2017/4/9, 10, 9, 7, , , 1
2017/4/10, 8, 9, 9, , , 1
2017/4/11, 19, 4, 8, , , 
2017/4/12, 5, 9, 9, , , 
2017/4/13, 8, 6, 5, , , 
2017/4/14, 8, 7, 7, , , 
2017/4/15, 7, 7, 6, , , 
2017/4/16, 6, 8, 5, , , 
2017/4/17, 7, 10, 7, , , 
2017/4/18, 10, 14, 8, , , 
2017/4/19, 10, 12, 7, , , 
2017/4/20, 6, 10, 8, , , 
2017/4/21, 10, 21, 8, 1, , 
2017/4/22, 17, 10, 8, , , 
2017/4/23, 13, 12, 9, , , 
2017/4/24, 16, 15, 8, 1, , 
2017/4/25, 15, 19, 5, 1, , 
2017/4/26, 16, 9, 6, , , 
2017/4/27, 11, 13, 7, 1, , 
2017/4/28, 10, 12, 9, , , 
2017/4/29, 12, 16, 8, , , 1
2017/4/30, 20, 16, 13, , , 1
2017/5/1, 23, 14, 8, 1, , 1
2017/5/2, 18, 24, 7, 1, , 1
2017/5/3, 14, 23, 7, , , 4
2017/5/4, 14, 24, 10, 1, , 5
2017/5/5, 21, 27, 7, , , 5
2017/5/6, 20, 14, 9, , , 5
2017/5/7, 18, 34, 9, 1, , 5
2017/5/8, 29, 39, 11, 1, , 5
2017/5/9, 35, 44, 13, 1, , 5
2017/5/10, 46, 37, 14, 1, , 6
2017/5/11, 59, 31, 12, 1, , 6
2017/5/12, 61, 30, 10, 1, , 6
2017/5/13, 45, 21, 13, 1, , 6
2017/5/14, 35, 30, 10, 1, , 6
2017/5/15, 47, 26, 10, 1, , 6
2017/5/16, 38, 25, 14, 1, , 7
2017/5/17, 43, 28, 14, , , 7
2017/5/18, 53, 33, 12, , , 7
2017/5/19, 45, 27, 14, 1, , 7
2017/5/20, 53, 20, 9, 1, , 7
2017/5/21, 44, 20, 8, 1, , 7
2017/5/22, 34, 24, 10, 1, , 7
2017/5/23, 24, 24, 12, 1, , 8
2017/5/24, 48, 19, 9, 1, , 7
2017/5/25, 27, 33, 12, 1, , 8
2017/5/26, 66, 30, 14, 1, , 8
2017/5/27, 66, 25, 12, 1, , 8
2017/5/28, 46, 35, 13, 2, , 8
2017/5/29, 66, 37, 17, 1, , 5
2017/5/30, 75, 49, 19, 1, , 3
2017/5/31, 98, 50, 28, 1, , 4
2017/6/1, 109, 34, 17, 1, , 2
2017/6/2, 69, 38, 15, 1, , 3
2017/6/3, 87, 27, 10, 1, , 3
2017/6/4, 60, 23, 11, 1, , 2
2017/6/5, 40, 20, 12, 1, , 2
2017/6/6, 35, 26, 12, 1, , 2
2017/6/7, 41, 27, 14, 1, , 3
2017/6/8, 49, 19, 13, , , 2
2017/6/9, 33, 44, 26, 1, , 4
2017/6/10, 97, 32, 21, 1, , 3
2017/6/11, 64, 45, 16, 2, , 5
2017/6/12, 95, 33, 15, 1, , 3
2017/6/13, 65, 25, 14, 1, , 2
2017/6/14, 50, 31, 14, 1, , 1
2017/6/15, 68, 32, 17, 1, , 2
2017/6/16, 78, 26, 14, 1, , 1
2017/6/17, 63, 20, 12, 1, , 1
2017/6/18, 47, 16, 12, 1, , 
2017/6/19, 26, 16, 10, 1, , 
2017/6/20, 31, 21, 14, 1, , 
2017/6/21, 43, 21, 16, 1, , 
2017/6/22, 43, 26, 13, 1, , 
2017/6/23, 51, 17, 13, 1, , 
2017/6/24, 31, 17, 12, 1, 3, 
2017/6/25, 28, 14, 12, 1, 13, 
2017/6/26, 22, 19, 12, 1, , 
2017/6/27, 38, 20, 12, 1, , 
2017/6/28, 42, 20, 12, 1, , 
2017/6/29, 35, 21, 12, , , 
2017/6/30, 24, 31, 15, 1, , 
2017/1/2, 9, 11, 10, , 1, 2
2017/1/3, 13, 18, 10, , 1, 1
2017/1/4, 15, 15, 9, , 1, 2
2017/1/5, 15, , , , , 
2017/1/10, 33, 16, 9, , 1, 2
2017/1/11, 16, 17, 7, 1, 1, 2
2017/1/12, 14, 14, 6, , 1, 2
2017/1/13, 9, 11, 6, , 1, 2
2017/1/14, 11, 9, 5, , 1, 2
2017/1/15, 12, 9, 5, , 1, 2
2017/1/16, 12, 9, 6, , 1, 2
2017/1/17, 11, 10, 7, , 1, 2
2017/1/18, 15, 7, 8, , 1, 2
2017/1/19, 7, 7, 3, , 1, 2
2017/1/20, 5, , , , , 
2017/1/22, 7, 11, 7, , 1, 2
2017/1/23, 9, 8, 10, , 1, 2
2017/1/24, 10, 16, 7, , 1, 2
2017/1/25, 14, 13, 6, , 1, 2
2017/1/26, 15, 12, 8, , 1, 2
2017/1/27, 14, 10, 7, , 1, 2
2017/1/28, 13, 8, 6, , 1, 2
2017/1/29, 9, 8, 8, , 1, 2
2017/1/30, 8, 11, 7, , 1, 2
2017/1/31, 14, 11, 6, , 1, 2
2017/2/1, 9, 9, 5, , 1, 2
2017/2/2, 8, 9, 5, , 1, 2
2017/2/3, 6, 8, 8, , 1, 2
2017/2/4, 9, 16, 8, , 1, 2
2017/2/5, 11, 13, 8, , 1, 2
2017/2/6, 19, 25, 8, , 1, 3
2017/2/7, 33, 14, 8, 1, 1, 3
2017/2/8, 16, 9, 8, , 1, 2
2017/2/9, 11, 7, 7, , 1, 2
2017/2/10, 7, 15, 6, , 1, 2
2017/2/11, 16, 9, 6, 1, 1, 2
2017/2/12, 10, 16, 7, , 1, 2
2017/2/13, 14, 23, 8, , 1, 2
2017/2/14, 19, 19, 7, , 1, 2
2017/2/15, 14, 13, 5, , 1, 2
2017/2/16, 11, 17, 6, 1, 1, 2
2017/2/17, 13, 10, 9, , 1, 2
2017/2/18, 8, 23, 10, , 1, 2
2017/2/19, 15, 17, 10, , 1, 2
2017/2/20, 17, 19, 8, , 1, 2
2017/2/21, 18, 13, 7, 1, 1, 2
2017/2/22, 12, 13, 9, 1, , 1
2017/2/23, 12, 11, 8, , , 2
2017/2/24, 10, 8, 9, 1, , 2
2017/2/25, 13, 8, 9, , , 2
2017/2/26, 11, 8, 9, , , 2
2017/2/27, 12, 7, 7, , , 2
2017/2/28, 10, 8, 8, , , 1
2017/3/1, 12, 10, 9, , , 2
2017/3/2, 15, 10, 9, , , 2
2017/3/3, 17, 6, 6, , , 2
2017/3/4, 10, 6, 6, , , 1
2017/3/5, 9, 9, 7, , , 2
2017/3/6, 13, 10, 7, , , 2
2017/3/7, 15, 11, 5, , , 2
2017/3/8, 12, 9, 6, , , 2
2017/3/9, 10, 7, 7, , , 2
2017/3/10, 11, 8, 5, , , 2
2017/3/11, 12, 8, 6, , , 2
2017/3/12, 8, 10, 7, , , 2
2017/3/13, 9, 8, 9, , , 2
2017/3/14, 11, 9, 8, , , 2
2017/3/15, 10, 10, 9, , , 2
2017/3/16, 12, 8, 7, , , 2
2017/3/17, 14, 8, 5, , , 2
2017/3/18, 9, 8, 7, , , 2
2017/3/19, 12, 7, 7, , , 2
2017/3/20, 8, 9, 7, , , 2
2017/3/21, 8, 8, 7, , , 2
2017/3/22, 8, 8, 9, , , 2
2017/3/23, 7, 8, 6, , , 2
2017/3/24, 7, 8, 7, , , 2
2017/3/25, 9, 7, 7, , , 2
2017/3/26, 8, 11, 7, , , 1
2017/3/27, 12, 13, 5, , , 1
2017/3/28, 13, 16, 6, , , 1
2017/3/29, 16, 12, 11, , , 1
2017/3/30, 13, 10, 11, , , 1
2017/3/31, 12, 14, 7, , , 1
2016/10/1, 23, 7, 8, 1, , 3
2016/10/2, 18, 9, 8, 1, , 3
2016/10/3, 21, 7, 9, , , 3
2016/10/4, 19, 14, 17, , , 3
2016/10/5, 30, 11, 14, 1, , 3
2016/10/6, 24, 18, 12, , , 3
2016/10/7, 35, 14, 16, , , 3
2016/10/8, 24, 18, 15, 1, , 3
2016/10/9, 39, 21, 14, 1, , 4
2016/10/10, 46, 17, 12, 1, , 4
2016/10/11, 39, 17, 15, 1, , 4
2016/10/12, 32, 14, 4, 1, , 4
2016/10/13, 31, , , , , 
2016/10/18, 38, 21, 13, 1, , 4
2016/10/19, 43, 19, 12, 1, , 4
2016/10/20, 38, 19, 10, 1, , 4
2016/10/21, 36, 7, 10, , , 4
2016/10/22, 20, 12, 14, , , 4
2016/10/23, 31, 12, 14, 1, , 4
2016/10/24, 27, 15, 13, 1, , 4
2016/10/25, 28, 18, 11, 1, , 5
2016/10/26, 28, 16, 10, 1, , 5
2016/10/27, 26, 18, 9, 1, , 5
2016/10/28, 35, 22, 11, 1, , 5
2016/10/29, 32, 19, 11, 1, , 5
2016/10/30, 34, 17, 12, , , 5
2016/10/31, 38, 24, 9, 1, 1, 5
2016/11/1, 40, 12, 15, , , 5
2016/11/2, 25, 14, 15, , , 4
2016/11/3, 36, 17, 12, 1, , 4
2016/11/4, 45, 19, 11, , , 4
2016/11/5, 45, 14, 11, , 1, 4
2016/11/6, 38, 13, 10, , , 4
2016/11/7, 35, 13, 8, , 1, 3
2016/11/8, 35, 13, 8, , 1, 3
2016/11/9, 36, 12, 8, , , 3
2016/11/10, 27, 13, 10, , 1, 3
2016/11/11, 28, 12, 7, , 1, 3
2016/11/12, 23, 12, 7, , 1, 3
2016/11/13, 20, 14, 16, , , 3
2016/11/14, 29, 21, 14, 1, 1, 4
2016/11/15, 51, 16, 16, 1, 1, 4
2016/11/16, 42, 21, 17, 1, 1, 4
2016/11/17, 54, 23, 20, , 1, 4
2016/11/18, 54, 26, 17, 1, 1, 4
2016/11/19, 64, 17, 17, , 1, 4
2016/11/20, 55, 20, 16, 1, 1, 4
2016/11/21, 54, 19, 13, 1, 1, 5
2016/11/22, 55, 16, 12, 1, 1, 5
2016/11/23, 44, 17, 14, , 1, 5
2016/11/24, 38, 14, 12, , 1, 4
2016/11/25, 26, 10, 17, , 1, 5
2016/11/26, 22, 10, 11, , 1, 5
2016/11/27, 24, 14, 13, 1, 1, 5
2016/11/28, 30, 20, 11, 1, 1, 5
2016/11/29, 57, 23, 6, 1, 1, 5
2016/11/30, 64, , , , , 
2016/12/4, 38, 20, 13, , 1, 4
2016/12/5, 40, 18, 12, 1, 1, 4
2016/12/6, 35, 19, 10, , 1, 4
2016/12/7, 45, 18, 11, , 1, 4
2016/12/8, 49, 21, 10, , 1, 5
2016/12/9, 50, 22, 12, , 1, 5
2016/12/10, 43, 16, 11, , 1, 5
2016/12/11, 40, , , , , 
2016/12/13, 54, 13, 11, , 1, 2
2016/12/14, 22, 10, 10, , 1, 2
2016/12/15, 14, 10, 8, 1, 1, 2
2016/12/16, 16, 8, 9, , 1, 2
2016/12/17, 12, 6, 9, , 1, 2
2016/12/18, 9, 6, 8, , 1, 2
2016/12/19, 7, 7, 9, , 1, 2
2016/12/20, 8, 14, 10, , 1, 2
2016/12/21, 17, 9, 9, , 1, 2
2016/12/22, 8, 11, 8, , 1, 2
2016/12/23, 13, 11, 7, , 1, 2
2016/12/24, 12, 12, 6, , 1, 2
2016/12/25, 16, 8, 8, , 1, 2
2016/12/26, 11, 14, 7, , 1, 2
2016/12/27, 18, 15, 8, , 1, 2
2016/12/28, 16, 13, 7, , 1, 1
2016/12/29, 14, 19, 11, , 1, 1
2016/12/30, 18, 22, 9, , 1, 1
2016/12/31, 24, 16, 11, , 1, 1
2017/1/1, 17, 9, 10, , 1, 1
2016/7/1, 75, 33, 14, 1, , 
2016/7/2, 69, 26, 13, 1, , 
2016/7/3, 63, 34, 15, , , 
2016/7/4, 79, 33, 11, 1, , 1
2016/7/5, 81, 23, 13, , , 1
2016/7/6, 51, 29, 13, 1, , 2
2016/7/7, 62, 25, 13, 1, , 2
2016/7/8, 60, 35, 16, 1, , 2
2016/7/9, 87, 30, 15, , , 2
2016/7/10, 75, 32, 15, , , 2
2016/7/11, 78, 23, 10, , , 2
2016/7/12, 60, 8, 12, , , 1
2016/7/13, 20, 6, 13, , , 1
2016/7/14, 14, 5, 11, , , 
2016/7/15, 12, 6, 14, , , 
2016/7/16, 22, 10, 13, , , 1
2016/7/17, 31, 22, 6, 2, , 3
2016/7/18, 64, 16, 14, , , 2
2016/7/19, 59, 23, 17, 1, , 2
2016/7/20, 64, 20, 18, 1, , 2
2016/7/21, 59, 27, 18, 1, , 3
2016/7/22, 76, 19, 14, 1, , 2
2016/7/23, 57, 7, 5, 1, , 2
2016/7/24, 26, , , , , 
2016/7/26, 64, 17, 13, 1, , 2
2016/7/27, 45, 17, 13, 1, , 2
2016/7/28, 47, 26, 12, 1, , 3
2016/7/29, 61, 21, 17, , , 2
2016/7/30, 55, 23, 17, 1, , 3
2016/7/31, 61, 27, 16, 1, , 3
2016/8/1, 75, 21, 17, 1, , 3
2016/8/2, 60, 22, 16, , , 2
2016/8/3, 49, 17, 15, , , 1
2016/8/4, 37, 20, 18, 1, , 2
2016/8/5, 52, 25, 16, 1, , 3
2016/8/6, 57, 23, 16, 1, , 3
2016/8/7, 54, 27, 17, 1, , 3
2016/8/8, 68, 20, 15, 1, , 3
2016/8/9, 47, 20, 13, , , 2
2016/8/10, 47, 14, 6, 1, , 2
2016/8/11, 31, 17, 15, , , 2
2016/8/12, 37, 18, 12, 1, , 2
2016/8/13, 42, 23, 15, , , 3
2016/8/14, 48, 24, 16, 1, , 3
2016/8/15, 47, 21, 17, 1, , 3
2016/8/16, 50, 27, 19, 1, , 4
2016/8/17, 66, 20, 14, 1, , 4
2016/8/18, 47, 17, 11, 1, , 3
2016/8/19, 36, 22, 14, 1, , 3
2016/8/20, 43, 15, 13, , , 3
2016/8/21, 25, 16, 11, , , 3
2016/8/22, 25, 15, 10, 2, , 2
2016/8/23, 23, 18, 12, 1, , 1
2016/8/24, 40, 12, 15, 1, , 1
2016/8/25, 26, 17, 12, , , 1
2016/8/26, 36, 28, 15, 1, , 2
2016/8/27, 61, 38, 16, 1, 1, 3
2016/8/28, 80, 39, 13, 1, , 3
2016/8/29, 96, 16, 9, , , 1
2016/8/30, 27, 19, 9, 1, , 1
2016/8/31, 37, 15, 9, 1, , 1
2016/9/1, 29, 14, 7, , , 1
2016/9/2, 24, 12, 10, , , 1
2016/9/3, 23, 9, 10, , , 1
2016/9/4, 20, 12, 10, 1, , 1
2016/9/5, 23, 16, 13, , , 1
2016/9/6, 26, 19, 12, 1, , 2
2016/9/7, 33, 16, 10, 1, , 2
2016/9/8, 29, 17, 10, , , 2
2016/9/9, 29, 18, 11, 1, , 2
2016/9/10, 29, 17, 11, 1, , 2
2016/9/11, 30, 24, 12, , , 2
2016/9/12, 48, 16, 9, , , 2
2016/9/13, 32, 16, 8, , , 2
2016/9/14, 31, 17, 8, , , 2
2016/9/15, 37, 17, 8, , , 2
2016/9/16, 32, 14, 7, 1, , 2
2016/9/17, 26, 15, 6, 1, , 2
2016/9/18, 32, 8, 7, 1, , 2
2016/9/19, 15, 9, 6, , , 2
2016/9/20, 16, 12, 9, 1, , 2
2016/9/21, 20, 21, 10, , , 2
2016/9/22, 53, 24, 8, 1, , 2
2016/9/23, 58, 17, 9, 1, , 3
2016/9/24, 37, 19, 9, 1, , 3
2016/9/25, 53, 13, 10, 1, , 3
2016/9/26, 37, 9, 10, 1, , 3
2016/9/27, 20, 9, 10, 1, , 3
2016/9/28, 20, 8, 10, 1, , 3
2016/9/29, 21, 10, 8, 1, , 3
2016/9/30, 23, 8, 8, , , 3
2016/4/1, 11, 9, 9, , , 1
2016/4/2, 16, 10, 8, , , 1
2016/4/3, 13, 11, 8, , , 1
2016/4/4, 13, 13, 12, 1, , 1
2016/4/5, 14, 11, 8, 1, , 1
2016/4/6, 13, 8, 7, , , 1
2016/4/7, 12, 6, 7, , , 1
2016/4/8, 8, , , , , 
2016/4/11, 4, , , , , 
2016/4/14, 12, 14, 10, , , 1
2016/4/15, 20, 13, 15, 1, , 1
2016/4/16, 18, 9, 11, , , 1
2016/4/17, 13, 11, 10, , , 1
2016/4/18, 13, 10, 10, , , 1
2016/4/19, 10, 10, 12, , , 1
2016/4/20, 15, 11, 10, , , 1
2016/4/21, 21, 12, 12, , , 1
2016/4/22, 20, 14, 11, , , 1
2016/4/23, 19, 21, 13, 1, , 2
2016/4/24, 45, 34, 14, 1, , 2
2016/4/25, 68, 16, 10, 1, , 1
2016/4/26, 27, 11, 6, , , 1
2016/4/27, 11, 13, 10, , , 1
2016/4/28, 45, 12, 13, , , 1
2016/4/29, 45, 11, 11, , , 1
2016/4/30, 37, 7, 7, , , 1
2016/5/1, 24, 8, 6, , , 1
2016/5/2, 26, 7, 5, , , 1
2016/5/3, 20, 8, 5, 1, , 1
2016/5/4, 25, 9, 8, , , 1
2016/5/5, 28, 13, 7, , , 1
2016/5/6, 39, 17, 3, , , 1
2016/5/7, 42, , , , , 
2016/5/12, 14, , , , , 
2016/5/16, 58, 9, 7, , , 7
2016/5/17, 29, 9, 11, , , 7
2016/5/18, 22, 14, 12, 1, , 7
2016/5/19, 36, 17, 11, 1, , 8
2016/5/20, 53, 10, 10, 1, , 9
2016/5/21, 24, 8, 10, , , 9
2016/5/22, 20, 11, 12, , , 9
2016/5/23, 31, 10, 12, , , 9
2016/5/24, 24, 9, 14, 1, , 6
2016/5/25, 24, 16, 15, 1, , 2
2016/5/26, 42, 10, 11, , , 2
2016/5/27, 30, 10, 12, 1, , 2
2016/5/28, 29, 9, 9, 1, , 2
2016/5/29, 19, 17, 7, 1, , 2
2016/5/30, 40, 16, 9, , , 2
2016/5/31, 37, 18, 11, , , 2
2016/6/1, 50, 19, 12, , , 2
2016/6/2, 39, 19, 11, , , 3
2016/6/3, 44, , , , , 
2016/6/7, 43, 11, 11, 1, , 3
2016/6/8, 31, 16, 12, 1, , 3
2016/6/9, 42, 15, 12, , , 3
2016/6/10, 39, 29, 13, 1, , 3
2016/6/11, 69, 24, 13, , , 3
2016/6/12, 62, 24, 16, , , 3
2016/6/13, 54, 26, 12, 1, , 3
2016/6/14, 53, 20, 12, , , 3
2016/6/15, 38, 15, 11, , , 3
2016/6/16, 34, 16, 12, , , 3
2016/6/17, 34, 18, 13, , , 3
2016/6/18, 39, 19, 12, , , 3
2016/6/19, 45, 16, 13, , , 3
2016/6/20, 44, 24, 19, , , 4
2016/6/21, 62, 48, 17, 2, , 8
2016/6/22, 106, 37, 15, 1, , 5
2016/6/23, 94, 34, 15, , , 2
2016/6/24, 98, 32, 9, 1, , 2
2016/6/25, 88, 28, 10, , , 2
2016/6/26, 77, 37, 10, 1, , 3
2016/6/27, 92, 18, 11, , , 
2016/6/28, 43, 21, 10, , , 
2016/6/29, 65, 26, 12, 1, , 
2016/6/30, 71, 34, 13, 1, , 
2016/1/4, 18, 13, 7, , , 3
2016/1/5, 16, 23, 7, , , 3
2016/1/6, 17, 18, 6, , , 3
2016/1/7, 18, 18, 8, 1, , 3
2016/1/8, 14, 17, 10, 1, , 3
2016/1/9, 18, 16, 8, , , 3
2016/1/10, 13, 20, 11, , , 3
2016/1/11, 28, 11, 8, , , 3
2016/1/12, 15, 10, 14, 1, , 3
2016/1/13, 14, 7, 13, 1, , 3
2016/1/14, 8, 9, 12, 1, , 3
2016/1/15, 16, 11, 10, 1, , 3
2016/1/16, 14, 7, 8, , , 3
2016/1/17, 7, 7, 8, , , 3
2016/1/18, 12, 7, 11, , , 3
2016/1/19, 7, 7, 7, 1, , 3
2016/1/20, 11, 7, 9, 1, , 3
2016/1/21, 10, 8, 9, , , 3
2016/1/22, 11, 9, 10, 1, , 3
2016/1/23, 13, 9, 13, , , 3
2016/1/24, 10, 7, 8, , , 3
2016/1/25, 11, 8, 7, , , 3
2016/1/26, 9, 8, 8, , , 3
2016/1/27, 9, 8, 9, , , 3
2016/1/28, 12, 9, 7, 1, , 3
2016/1/29, 13, 10, 8, , , 3
2016/1/30, 13, 8, 8, 1, , 3
2016/1/31, 10, 11, 2, , , 3
2016/2/1, 16, 12, 3, , , 3
2016/2/2, 13, 10, 3, , , 3
2016/2/3, 10, 9, 2, , , 3
2016/2/4, 9, 9, 2, , , 3
2016/2/5, 10, 8, 3, , , 3
2016/2/6, 8, 10, 1, 2, , 3
2016/2/7, 7, 13, 2, 2, , 4
2016/2/8, 12, 8, 3, 1, , 3
2016/2/9, 11, 13, 3, , , 4
2016/2/10, 12, 13, 4, , , 4
2016/2/11, 9, 14, 4, , , 4
2016/2/12, 13, 13, 4, , , 4
2016/2/13, 12, 14, 5, , , 4
2016/2/14, 12, 15, 5, , , 4
2016/2/15, 12, 13, 6, 1, , 4
2016/2/16, 15, 13, 8, , , 4
2016/2/17, 16, 11, 11, 1, , 4
2016/2/18, 10, 11, 8, 1, , 4
2016/2/19, 13, 12, 7, , , 4
2016/2/20, 13, 11, 7, , , 4
2016/2/21, 12, 8, 7, 1, , 4
2016/2/22, 9, 8, 7, , , 4
2016/2/23, 9, 8, 6, 1, , 4
2016/2/24, 10, , , , , 
2016/3/30, 17, 10, 8, , , 2
2016/3/31, 14, 9, 9, , , 2
2015/10/1, 55, 30, 18, 1, , 6
2015/10/2, 64, 26, 14, 1, , 6
2015/10/3, 52, 31, 18, 1, , 7
2015/10/4, 62, 23, 15, 1, , 6
2015/10/5, 42, 15, 14, 1, , 6
2015/10/6, 31, 20, 14, 2, 18, 6
2015/10/7, 38, 20, 15, 1, , 6
2015/10/8, 35, 20, 14, , , 6
2015/10/9, 36, 24, 16, 1, , 6
2015/10/10, 38, 21, 14, 1, , 6
2015/10/11, 37, 22, 14, 1, , 6
2015/10/12, 42, 18, 11, 1, , 6
2015/10/13, 34, 19, 12, 1, , 6
2015/10/14, 31, 13, 7, 1, , 6
2015/10/15, 10, 24, 14, , , 6
2015/10/16, 45, 23, 14, 1, , 7
2015/10/17, 44, 25, 15, 1, , 7
2015/10/18, 51, 20, 15, 1, , 7
2015/10/19, 37, 19, 14, 1, , 7
2015/10/20, 31, 27, 14, , , 7
2015/10/21, 45, 19, 10, , , 7
2015/10/22, 38, 15, 13, 1, , 7
2015/10/23, 25, 19, 13, 1, , 7
2015/10/24, 34, 14, 14, 1, , 7
2015/10/25, 26, 19, 13, , , 7
2015/10/26, 42, 21, 9, 1, , 7
2015/10/27, 39, , , , , 
2015/10/29, 46, 22, 12, 1, , 8
2015/10/30, 41, 23, 13, 1, , 8
2015/10/31, 55, 22, 10, , , 8
2015/11/1, 54, 22, 11, , , 8
2015/11/2, 46, 22, 11, , , 8
2015/11/3, 41, 21, 9, 1, , 8
2015/11/4, 45, 14, 12, 1, , 8
2015/11/5, 31, 16, 8, 1, , 8
2015/11/6, 30, 13, 8, , , 8
2015/11/7, 27, 12, 14, , , 8
2015/11/8, 23, 13, 14, , , 8
2015/11/9, 24, 20, 19, 1, , 9
2015/11/10, 40, 22, 16, , , 9
2015/11/11, 39, 23, 20, 1, , 9
2015/11/12, 45, 17, 11, 1, , 8
2015/11/13, 35, 11, 6, 2, , 8
2015/11/14, 19, 17, 21, 1, , 9
2015/11/15, 39, 28, 18, 2, , 9
2015/11/16, 63, 20, 17, 1, , 9
2015/11/17, 38, 14, 16, 1, , 5
2015/11/18, 30, 14, 15, 1, , 2
2015/11/19, 30, 14, 13, 1, , 2
2015/11/20, 24, 18, 15, 1, , 2
2015/11/21, 23, 15, 15, 1, , 2
2015/11/22, 21, 15, 8, 2, , 2
2015/11/23, 25, , , , , 
2015/11/29, 33, , , , , 
2015/12/1, 47, , , , , 
2015/12/3, 25, , , , , 
2015/12/7, 27, 10, 12, 1, , 5
2015/12/8, 14, 12, 14, , , 2
2015/12/9, 22, 11, 10, 1, , 2
2015/12/10, 17, 25, 14, 1, , 2
2015/12/11, 49, 17, 11, , , 2
2015/12/12, 39, 9, 13, 1, , 1
2015/12/13, 17, 12, 10, 1, , 1
2015/12/14, 20, 10, 12, 1, , 2
2015/12/15, 13, 11, 9, 1, , 2
2015/12/16, 17, 12, 7, 1, , 1
2015/12/17, 19, 12, 10, 1, , 1
2015/12/18, 16, 11, 11, 1, , 1
2015/12/19, 14, 12, 12, , , 1
2015/12/20, 17, 11, 12, , , 4
2015/12/21, 7, 11, 10, , , 3
2015/12/22, 12, 11, 11, , , 3
2015/12/23, 13, 8, 9, , , 3
2015/12/24, 9, 18, 12, , , 2
2015/12/25, 22, 25, 9, , , 2
2015/12/26, 33, 19, 10, , , 3
2015/12/27, 24, 18, 12, , , 2
2015/12/28, 20, 18, 12, , , 3
2015/12/29, 18, 24, 9, , , 3
2015/12/30, 24, , , , , 
2015/7/1, 44, 25, 11, 1, , 2
2015/7/2, 44, 16, 12, 1, , 2
2015/7/3, 21, 14, 12, 1, , 2
2015/7/4, 28, 17, 15, 1, , 2
2015/7/5, 37, 16, 9, , , 2
2015/7/6, 26, 19, 10, 1, , 3
2015/7/7, 41, 19, 10, 1, , 2
2015/7/8, 29, 18, 12, , , 2
2015/7/9, 35, 25, 13, 1, , 3
2015/7/10, 43, 23, 11, 1, , 3
2015/7/11, 41, 24, 13, 1, , 3
2015/7/12, 44, 24, 12, , , 2
2015/7/13, 33, 27, 14, , , 3
2015/7/14, 45, 24, 13, 4, , 4
2015/7/15, 48, 32, 11, 4, , 4
2015/7/16, 52, 21, 11, 3, , 3
2015/7/17, 29, 33, 12, 3, , 4
2015/7/18, 52, 23, 13, 4, , 4
2015/7/19, 40, 27, 12, 3, , 4
2015/7/20, 41, 27, 13, 3, , 4
2015/7/21, 48, 20, 4, 2, , 4
2015/7/22, 24, 24, 12, 2, , 4
2015/7/23, 60, 24, 11, 2, , 5
2015/7/24, 55, 21, 2, 2, , 5
2015/7/25, 44, , , , , 
2015/7/28, 36, 22, 11, 1, , 4
2015/7/29, 31, 28, 12, 1, , 5
2015/7/30, 49, 17, 10, 1, , 4
2015/7/31, 27, 18, 11, 1, , 4
2015/8/1, 28, 17, 12, 1, , 5
2015/8/2, 27, 13, 12, , , 4
2015/8/3, 22, 26, 13, 1, , 6
2015/8/4, 61, 34, 15, 1, , 5
2015/8/5, 67, 33, 18, 1, , 5
2015/8/6, 70, 35, 15, 1, , 6
2015/8/7, 76, 25, 14, 1, , 5
2015/8/8, 51, 24, 14, 1, , 5
2015/8/9, 52, 32, 15, 1, , 5
2015/8/10, 59, 14, , 1, , 5
2015/8/11, 15, , , , , 
2015/8/21, 49, 19, 13, 1, , 3
2015/8/22, 38, 16, 13, 1, , 2
2015/8/23, 33, 13, 12, 1, , 3
2015/8/24, 28, 16, 8, , , 3
2015/8/25, 37, 14, 10, , , 2
2015/8/26, 29, 17, 12, 1, , 3
2015/8/27, 35, 18, 13, 1, , 3
2015/8/28, 39, 23, 13, 1, , 3
2015/8/29, 55, 22, 13, 1, , 3
2015/8/30, 51, 18, 12, 1, , 3
2015/8/31, 40, 15, 12, 1, , 3
2015/9/1, 34, 13, 11, 1, , 2
2015/9/2, 28, 19, 12, 1, , 3
2015/9/3, 38, 24, 12, 1, , 3
2015/9/4, 61, 15, 13, 1, , 3
2015/9/5, 33, 19, 15, 1, , 3
2015/9/6, 41, , , , , 
2015/9/8, 59, 27, 15, 1, , 4
2015/9/9, 48, 30, 7, 3, , 5
2015/9/10, 68, , , , , 
2015/9/14, 35, 23, 10, , , 5
2015/9/15, 48, 18, 13, 1, , 5
2015/9/16, 33, 22, 13, 1, , 5
2015/9/17, 39, 20, 12, 1, , 5
2015/9/18, 33, 20, 14, 1, , 5
2015/9/19, 39, 20, 15, 1, , 5
2015/9/20, 38, 26, 15, 1, , 6
2015/9/21, 54, 25, 16, 2, , 5
2015/9/22, 48, 36, 17, 1, , 6
2015/9/23, 77, 25, 14, 1, , 6
2015/9/24, 53, 20, 19, 1, , 5
2015/9/25, 43, 22, 14, 1, , 6
2015/9/26, 50, 23, 15, 1, , 6
2015/9/27, 52, 22, 16, 1, , 6
2015/9/28, 51, 23, 13, 1, , 6
2015/9/29, 46, 26, 14, 2, , 6
2015/9/30, 51, 26, 18, 1, , 6
2015/4/1, 13, 10, 9, 5, 1, 1
2015/4/2, 11, 9, 4, 5, , 
2015/4/3, 10, 9, 5, 5, 1, 1
2015/4/4, 14, 10, 6, 4, 1, 
2015/4/5, 12, 10, 6, 3, 1, 
2015/4/6, 14, 11, 6, 3, , 
2015/4/7, 16, 8, 4, 2, 1, 
2015/4/8, 12, , , , , 
2015/4/10, 8, , , , , 
2015/4/13, 20, 12, 11, 1, 1, 1
2015/4/14, 20, 11, 6, 1, 1, 1
2015/4/15, 14, 9, 3, 1, 1, 
2015/4/16, 5, , , , , 
2015/4/22, 40, 17, 10, 1, 1, 1
2015/4/23, 45, 17, 17, 2, 1, 2
2015/4/24, 33, 12, 11, 2, 1, 1
2015/4/25, 23, , , , , 
2015/4/27, 30, 24, 6, 2, 1, 3
2015/4/28, 59, 27, 15, 3, 1, 2
2015/4/29, 50, 17, 14, 3, 1, 2
2015/4/30, 34, 20, 13, 3, 1, 2
2015/5/1, 40, 21, 13, 2, 1, 2
2015/5/2, 44, 16, 12, 2, 1, 2
2015/5/3, 35, 20, 18, 3, 1, 2
2015/5/4, 48, 22, 20, 4, 1, 2
2015/5/5, 57, 20, 16, 3, 1, 2
2015/5/6, 52, 17, 13, 2, 1, 2
2015/5/7, 33, 25, 15, 3, 1, 2
2015/5/8, 50, 25, 14, 3, 1, 2
2015/5/9, 53, 21, 13, 2, 1, 2
2015/5/10, 41, 18, 12, 3, 1, 2
2015/5/11, 28, 22, 12, 3, 1, 2
2015/5/12, 39, 17, 13, 3, 1, 2
2015/5/13, 35, 38, 22, 3, 1, 3
2015/5/14, 79, 37, 15, 2, 1, 2
2015/5/15, 55, 38, 20, 2, 1, 3
2015/5/16, 80, 29, 15, 2, 1, 3
2015/5/17, 61, 20, 11, 2, 1, 3
2015/5/18, 41, 15, 10, 2, 1, 3
2015/5/19, 24, 16, 10, 2, 1, 3
2015/5/20, 29, 15, 9, 3, 1, 3
2015/5/21, 28, 12, 9, 2, 1, 3
2015/5/22, 22, 12, 5, 3, 1, 3
2015/5/23, 35, 22, 16, 2, 1, 4
2015/5/24, 54, 28, 13, 3, 1, 4
2015/5/25, 62, 23, 11, 3, 1, 4
2015/5/26, 53, 60, 11, 2, , 4
2015/5/27, 49, 14, 12, 2, , 
2015/5/28, 37, 22, 9, 2, , 1
2015/5/29, 48, 22, 9, 2, , 
2015/5/30, 50, 6, 7, 2, , 
2015/5/31, 7, 7, 8, 2, , 
2015/6/1, 10, 14, 11, 2, , 
2015/6/2, 18, 24, 11, 2, , 
2015/6/3, 55, 29, 12, 3, , 1
2015/6/4, 56, 59, 8, 5, , 4
2015/6/5, 138, 22, 11, 2, , 
2015/6/6, 34, 26, 13, 3, , 1
2015/6/7, 53, 21, 11, 2, , 
2015/6/8, 39, 21, 12, 3, , 
2015/6/9, 40, 20, 6, 3, , 1
2015/6/10, 46, 13, 11, 2, , 
2015/6/11, 23, 19, 10, 3, , 1
2015/6/12, 47, 11, 9, 2, , 1
2015/6/13, 21, 11, 8, 2, , 
2015/6/14, 19, 15, 10, 3, , 1
2015/6/15, 25, 12, 9, 3, , 1
2015/6/16, 21, 13, 9, 2, , 1
2015/6/17, 24, 17, 12, 1, , 1
2015/6/18, 24, 14, 12, 1, , 1
2015/6/19, 23, 12, 12, 1, , 1
2015/6/20, 24, 13, 13, 1, , 1
2015/6/21, 25, 26, 14, 1, , 2
2015/6/22, 54, 25, 15, 2, , 2
2015/6/23, 52, 17, 12, 1, , 2
2015/6/24, 34, 21, 13, 1, , 1
2015/6/25, 40, 19, 12, , , 1
2015/6/26, 30, 16, 13, , , 1
2015/6/27, 36, 32, 6, 2, , 2
2015/6/28, 73, 23, 13, 1, , 2
2015/6/29, 47, 17, 14, 1, , 2
2015/6/30, 37, 25, 11, 1, , 2
2015/1/1, 6, 11, 8, , , 2
2015/1/2, 9, 13, 6, , , 2
2015/1/3, 9, , , , , 
2015/1/5, 8, , , , , 
2015/1/12, 17, 41, 5, , , 1
2015/1/13, 36, 30, 8, , , 1
2015/1/14, 14, 20, 8, 1, , 2
2015/1/15, 37, 7, 9, 1, , 2
2015/1/16, 6, 14, 9, , , 2
2015/1/17, 10, 18, 4, , , 2
2015/1/18, 9, 18, 6, 1, , 2
2015/1/19, 9, 15, 5, 1, , 2
2015/1/20, 10, 17, 4, 1, , 2
2015/1/21, 9, 28, 4, , , 2
2015/1/22, 12, 32, 8, , , 2
2015/1/23, 16, 29, 8, , , 2
2015/1/24, 13, 25, 5, , , 2
2015/1/25, 13, 17, 6, , , 3
2015/1/26, 11, 17, 8, 1, , 2
2015/1/27, 12, 20, 9, , , 3
2015/1/28, 12, 23, 11, , , 3
2015/1/29, 11, 19, 9, 1, , 3
2015/1/30, 8, 22, 7, 1, , 3
2015/1/31, 10, 27, 7, , , 2
2015/2/1, 11, 25, 7, , , 3
2015/2/2, 13, 32, 8, 1, , 3
2015/2/3, 14, 36, 8, 1, , 3
2015/2/4, 17, 40, 9, 1, , 3
2015/2/5, 16, 7, 2, 2, , 3
2015/2/6, 7, , , , , 
2015/2/8, 18, 21, 7, , , 3
2015/2/9, 9, 12, 4, , , 3
2015/2/10, 6, 15, 8, 1, 16, 3
2015/2/11, 13, 7, 14, , , 1
2015/2/12, 12, 13, 7, 2, , 1
2015/2/13, 9, 7, 11, , , 2
2015/2/14, 10, 7, 9, , , 2
2015/2/15, 9, 7, 7, , , 2
2015/2/16, 9, 9, 8, , , 2
2015/2/17, 8, 19, 8, , , 2
2015/2/18, 23, 12, 9, , , 2
2015/2/19, 19, 18, 9, 1, , 2
2015/2/20, 47, 12, 12, , , 2
2015/2/21, 13, 11, 9, 3, , 2
2015/2/22, 18, 44, 8, 1, , 3
2015/2/23, 58, 193, 7, 2, , 3
2015/2/24, 169, 136, 7, 2, , 2
2015/2/25, 174, 9, 8, 5, 2, 
2015/2/26, 14, 10, 6, 1, , 
2015/2/27, 12, 8, 8, 2, , 
2015/2/28, 10, 10, 8, 1, , 
2015/3/1, 9, 8, 11, , , 
2015/3/2, 9, 6, 7, , , 
2015/3/3, 8, 9, 10, 1, , 
2015/3/4, 9, 10, 10, 2, , 
2015/3/5, 10, 10, 8, , , 
2015/3/6, 14, 9, 11, 1, 1, 
2015/3/7, 12, 11, 9, 1, , 
2015/3/8, 10, 12, 6, , , 
2015/3/9, 10, 11, 8, , , 
2015/3/10, 8, 14, 8, 1, , 
2015/3/11, 12, 14, 8, 1, , 1
2015/3/12, 12, 18, 8, 1, , 
2015/3/13, 18, 17, 7, 1, , 
2015/3/14, 16, 16, 13, , , 
2015/3/15, 13, 14, 8, 1, , 
2015/3/16, 13, 16, 9, 1, , 
2015/3/17, 14, 14, 8, 1, , 
2015/3/18, 15, 13, 10, , , 
2015/3/19, 15, 16, 12, , , 
2015/3/20, 15, 15, 7, 1, , 
2015/3/21, 17, 14, 9, , , 
2015/3/22, 12, 16, 8, 1, , 
2015/3/23, 15, 10, 9, , , 
2015/3/24, 9, 6, 8, , , 
2015/3/25, 5, 6, 6, 1, , 
2015/3/26, 7, 5, 6, 2, , 22
2015/3/27, 8, 7, 8, 1, 1, 
2015/3/28, 10, 8, 6, 2, , 
2015/3/29, 9, 8, 6, 4, , 
2015/3/30, 8, 9, 6, 4, 1, 
2015/3/31, 9, 11, 12, 5, 1, 
2014/10/1, 38, 24, 13, 2, , 2
2014/10/2, 38, 26, 14, 2, , 2
2014/10/3, 44, 23, 13, 1, , 2
2014/10/4, 40, 22, 13, 1, , 2
2014/10/5, 41, 22, 13, , , 2
2014/10/6, 34, 26, 14, 1, , 2
2014/10/7, 42, 23, 14, 1, , 2
2014/10/8, 40, 23, 14, 2, , 3
2014/10/9, 43, 26, 13, 1, , 3
2014/10/10, 58, 24, 14, , , 3
2014/10/11, 53, 25, 12, 1, , 3
2014/10/12, 53, 24, 13, , , 3
2014/10/13, 51, 35, 15, 1, , 3
2014/10/14, 78, 25, 21, 3, , 2
2014/10/15, 53, 36, 4, 5, , 2
2014/10/16, 75, 38, , , , 
2014/10/17, 63, 37, , , , 
2014/10/18, 72, 38, , , , 
2014/10/19, 81, , , , , 
2014/10/23, 69, 29, 14, 2, , 
2014/10/24, 60, 29, 16, 1, , 
2014/10/25, 58, 25, 16, 1, , 
2014/10/26, 52, 30, 16, 1, , 
2014/10/27, 62, 23, 15, 1, , 
2014/10/28, 43, 25, 14, 1, , 
2014/10/29, 51, 21, 14, 1, , 
2014/10/30, 45, 19, 13, 1, , 
2014/10/31, 45, 18, 13, , , 
2014/11/1, 47, 21, 15, 1, , 
2014/11/2, 50, 26, 11, , , 
2014/11/3, 53, 29, 11, 1, , 
2014/11/4, 60, 17, 6, , , 
2014/11/5, 42, , , , , 
2014/11/17, 28, 18, 14, 2, , 
2014/11/18, 36, 20, 12, 1, , 
2014/11/19, 41, 22, 11, 1, , 
2014/11/20, 53, 17, 10, , , 
2014/11/21, 34, 16, 9, 1, , 1
2014/11/22, 31, 17, 8, , , 
2014/11/23, 33, 20, 11, 1, , 1
2014/11/24, 38, 19, 15, 2, , 
2014/11/25, 47, 18, 12, 1, , 
2014/11/26, 39, 19, 11, 1, , 
2014/11/27, 36, 12, 8, 1, , 
2014/11/28, 20, 16, 8, 1, , 
2014/11/29, 25, 14, 7, 1, , 
2014/11/30, 26, 14, 6, 1, , 
2014/12/1, 21, 12, 7, , , 
2014/12/2, 24, 10, 12, 1, , 
2014/12/3, 19, 12, 8, 1, , 1
2014/12/4, 18, 13, 7, 1, 1, 1
2014/12/5, 22, 12, 10, 1, , 1
2014/12/6, 18, 12, 9, , , 1
2014/12/7, 21, 14, 9, 1, , 1
2014/12/8, 20, 13, 9, 1, , 1
2014/12/9, 17, 10, 8, 1, , 1
2014/12/10, 8, 7, 8, , , 1
2014/12/11, 9, 6, 9, 2, , 1
2014/12/12, 9, 6, 7, , , 1
2014/12/13, 6, 8, 6, , , 1
2014/12/14, 9, 10, 6, , , 1
2014/12/15, 9, 10, 6, , , 23
2014/12/16, 10, 19, 5, , , 1
2014/12/17, 29, 13, 6, , , 1
2014/12/18, 12, 15, 9, 1, , 1
2014/12/19, 18, 12, 13, 1, , 1
2014/12/20, 14, 13, 12, 1, , 1
2014/12/21, 16, 14, 10, 1, , 1
2014/12/22, 22, 12, 10, 1, , 1
2014/12/23, 15, 12, 11, , , 1
2014/12/24, 15, 12, 8, , , 1
2014/12/25, 15, 12, 7, , , 1
2014/12/26, 11, 15, 8, , , 1
2014/12/27, 12, 14, 7, , , 1
2014/12/28, 19, , , , , 
2014/9/6, 44, 26, 13, 1, , 497
2014/9/7, 56, 22, 13, 1, , 500
2014/9/8, 49, 25, 11, 2, , 500
2014/9/9, 68, 20, 13, 1, , 42
2014/9/10, 34, 21, 14, 2, , 1
2014/9/11, 31, 21, 13, 2, , 2
2014/9/12, 36, 62, 13, 1, , 2
2014/9/13, 83, 60, 12, 1, , 2
2014/9/14, 34, 26, 14, 1, , 2
2014/9/15, 50, 22, 11, 1, , 2
2014/9/16, 37, 22, 13, 1, , 2
2014/9/17, 35, 22, 14, 1, , 2
2014/9/18, 36, 23, 13, 1, , 2
2014/9/19, 36, 26, 15, 2, , 2
2014/9/20, 43, 22, 16, 1, , 2
2014/9/21, 50, 31, 17, 1, , 3
2014/9/22, 65, 23, 13, 1, , 2
2014/9/23, 48, 23, 13, 1, , 2
2014/9/24, 48, 26, 10, 1, , 2
2014/9/25, 42, 22, 12, 2, , 2
2014/9/26, 47, 20, 12, 1, , 2
2014/9/27, 42, 20, 14, 1, , 2
2014/9/28, 40, 22, 12, 1, , 2
2014/9/29, 44, 23, 12, 1, , 2
2014/9/30, 36, 25, 13, 1, , 2
2020/8/16, , 20, 9, , , 9
2020/7/19, , 17, 10, , , 1
2020/5/17, , 17, 5, , , 5
2020/4/18, , 9, 5, , , 3
2020/3/14, , 9, 6, , , 1
2019/12/31, , 14, 9, , , 3
2020/1/20, , 18, 6, , , 4
2019/9/30, , 22, 7, 1, , 1
2019/10/7, , 23, 8, 1, , 1
2019/10/20, , 47, 10, , , 2
2019/10/27, , 12, 5, 2, , 2
2019/11/3, , 15, 3, , , 2
2019/12/4, , 20, 7, , , 3
2019/7/1, , 23, 8, 1, , 4
2019/4/21, , 13, 5, , , 4
2019/4/30, , 12, 2, , , 5
2019/5/5, , 11, 6, , , 1
2019/6/23, , 70, 4, 1, , 11
2018/12/31, , 11, 8, , , 2
2019/1/6, , 12, 10, , , 3
2019/1/21, , 8, 3, , , 2
2019/3/17, , 8, 6, , , 2
2018/4/16, , 16, 10, , 1, 5
2018/5/7, , 17, 10, 1, 1, 9
2018/6/14, , 22, 13, 1, , 1
2017/12/31, , 9, 10, 1, , 7
2018/3/20, , 11, 4, , , 6
2018/3/25, , 16, 7, , 1, 6
2017/12/12, , 18, 9, 1, , 10
2017/12/19, , 10, 8, , , 7
2017/8/8, , 22, 16, , , 3
2017/8/15, , 17, 10, 1, , 3
2017/9/10, , 29, 15, 1, , 4
2017/1/9, , 31, 6, , 1, 2
2017/1/21, , 12, 4, , 1, 2
2016/10/17, , 19, 11, 1, , 4
2016/12/3, , 21, 13, , 1, 4
2016/12/12, , 21, 9, 1, 1, 2
2016/7/25, , 23, 13, 1, , 2
2016/4/10, , 10, 9, , , 1
2016/4/13, , 8, , 1, , 2
2016/5/11, , 5, 9, , , 6
2016/5/15, , 17, 8, 1, , 8
2016/6/6, , 16, 14, , , 3
2016/1/3, , 21, 7, , , 3
2016/3/20, , 9, 6, 1, , 1
2016/3/29, , 12, 9, 1, , 2
2015/10/28, , 22, 11, , , 8
2015/11/28, , 13, , , , 
2015/11/30, , 21, , , , 
2015/12/2, , 11, , , , 
2015/12/6, , 16, 8, , , 7
2015/7/27, , 33, 12, 1, , 4
2015/8/15, , 13, 13, , , 1
2015/8/16, , 29, 4, 2, , 4
2015/8/18, , 44, 7, 2, , 4
2015/8/20, , 23, 14, , , 3
2015/9/7, , 22, 11, 1, , 5
2015/9/13, , 17, 9, 1, , 5
2015/4/9, , 12, 7, , 1, 
2015/4/12, , 13, 11, 1, 1, 1
2015/4/21, , 30, 13, 2, 1, 2
2015/4/26, , 108, 12, 3, 1, 3
2014/12/31, , 7, 7, , , 2
2015/1/4, , 23, 6, , , 1
2015/1/11, , 46, 5, , , 1
2015/2/7, , 21, 8, , , 3
2014/10/21, , 37, 10, 1, , 
2014/10/22, , 28, 16, 1, , 
2014/11/16, , 16, 13, , , 
2014/9/5, , 21, 13, 1, , 500
2016/5/9, , , 7, , , 6
2016/5/10, , , 7, , , 6
2016/3/7, , , 9, , , 9
2016/3/8, , , 10, , , 8
2016/3/9, , , 7, 1, , 7
2016/3/10, , , 5, , , 7
2016/3/11, , , 8, , , 7
2016/3/12, , , 6, , , 7
2016/3/13, , , 8, , , 6
2016/3/14, , , 9, , , 5
2016/3/15, , , 10, 1, , 1
2016/3/21, , , 10, 1, , 1
2016/3/22, , , 9, 1, , 2
2016/3/23, , , 10, 1, , 2
2016/3/24, , , 8, , , 1
2016/3/25, , , 7, , , 1
2016/3/26, , , 9, , , 2
2016/3/27, , , 11, 1, , 2
2016/3/28, , , 13, 1, , 2
2014/11/11, , , 11, , , 5